,type,description,mean_thickness,mean_pore_size,aging,temperature,delta_pressure,gases_kinetic_diameter,gases_molar_mass,gases_polarizability,Py,in_reference_data_location,reference,url
4,polymer,PI-0.25,50.0,,0.0,308.0,199000.0,260.0,4.0,0.208,193.0,table 2,XIE W et al 2022,https://doi.org/10.1016/j.seppur.2021.120091
5,polymer,PI-0.50,50.0,,0.0,308.0,199000.0,260.0,4.0,0.208,133.0,table 2,XIE W et al 2022,https://doi.org/10.1016/j.seppur.2021.120091
6,polymer,PI-0.75,50.0,,0.0,308.0,199000.0,260.0,4.0,0.208,105.0,table 2,XIE W et al 2022,https://doi.org/10.1016/j.seppur.2021.120091
7,polymer,PI-1.00,50.0,,0.0,308.0,199000.0,260.0,4.0,0.208,59.0,table 2,XIE W et al 2022,https://doi.org/10.1016/j.seppur.2021.120091
8,polymer,IPI-0.25,50.0,,0.0,308.0,199000.0,260.0,4.0,0.208,157.0,table 2,XIE W et al 2022,https://doi.org/10.1016/j.seppur.2021.120091
9,polymer,IPI-0.50,50.0,,0.0,308.0,199000.0,260.0,4.0,0.208,74.0,table 2,XIE W et al 2022,https://doi.org/10.1016/j.seppur.2021.120091
10,polymer,IPI-0.75,50.0,,0.0,308.0,199000.0,260.0,4.0,0.208,33.0,table 2,XIE W et al 2022,https://doi.org/10.1016/j.seppur.2021.120091
11,polymer,IPI-1.00,50.0,,0.0,308.0,199000.0,260.0,4.0,0.208,11.0,table 2,XIE W et al 2022,https://doi.org/10.1016/j.seppur.2021.120091
297,polymer,untreated,90.0,,0.0,298.0,100000.0,260.0,4.0,0.208,758.0,table 1,BERNARDO P et al 2017,http://dx.doi.org/10.1016/j.polymer.2016.10.040
298,polymer,EtOH_25 treaded,110.0,,0.0,298.0,100000.0,260.0,4.0,0.208,1706.0,table 1,BERNARDO P et al 2017,http://dx.doi.org/10.1016/j.polymer.2016.10.040
299,polymer,EtOH_25 treaded,110.0,,1200.0,298.0,100000.0,260.0,4.0,0.208,1140.0,table 1,BERNARDO P et al 2017,http://dx.doi.org/10.1016/j.polymer.2016.10.040
314,polymer,EtOH_100 treaded,125.4,,2117.0,298.0,100000.0,260.0,4.0,0.208,1128.0,table S1,BERNARDO P et al 2017,http://dx.doi.org/10.1016/j.polymer.2016.10.040
357,polymer,untreated,90.0,,3.998911,298.0,100000.0,260.0,4.0,0.208,779.8514,fig 2,BERNARDO P et al 2017,http://dx.doi.org/10.1016/j.polymer.2016.10.040
358,polymer,untreated,90.0,,37.73106,298.0,100000.0,260.0,4.0,0.208,826.3419,fig 2,BERNARDO P et al 2017,http://dx.doi.org/10.1016/j.polymer.2016.10.040
359,polymer,untreated,90.0,,248.9525,298.0,100000.0,260.0,4.0,0.208,983.1133,fig 2,BERNARDO P et al 2017,http://dx.doi.org/10.1016/j.polymer.2016.10.040
360,polymer,EtOH_25 treaded,110.0,,7.024282,298.0,100000.0,260.0,4.0,0.208,1494.707,fig 2,BERNARDO P et al 2017,http://dx.doi.org/10.1016/j.polymer.2016.10.040
361,polymer,EtOH_25 treaded,110.0,,62.81426,298.0,100000.0,260.0,4.0,0.208,1377.378,fig 2,BERNARDO P et al 2017,http://dx.doi.org/10.1016/j.polymer.2016.10.040
362,polymer,EtOH_25 treaded,110.0,,571.8492,298.0,100000.0,260.0,4.0,0.208,1218.425,fig 2,BERNARDO P et al 2017,http://dx.doi.org/10.1016/j.polymer.2016.10.040
363,polymer,EtOH_75 treaded,110.9054,,2.796417,298.0,100000.0,260.0,4.0,0.208,1206.038,fig 2,BERNARDO P et al 2017,http://dx.doi.org/10.1016/j.polymer.2016.10.040
364,polymer,EtOH_75 treaded,110.9054,,27.59159,298.0,100000.0,260.0,4.0,0.208,1157.736,fig 2,BERNARDO P et al 2017,http://dx.doi.org/10.1016/j.polymer.2016.10.040
365,polymer,EtOH_75 treaded,110.9054,,185.3366,298.0,100000.0,260.0,4.0,0.208,1096.329,fig 2,BERNARDO P et al 2017,http://dx.doi.org/10.1016/j.polymer.2016.10.040
366,polymer,EtOH_125 treaded,132.508,,3.998911,298.0,100000.0,260.0,4.0,0.208,921.5036,fig 2,BERNARDO P et al 2017,http://dx.doi.org/10.1016/j.polymer.2016.10.040
367,polymer,EtOH_125 treaded,132.508,,28.85321,298.0,100000.0,260.0,4.0,0.208,930.9683,fig 2,BERNARDO P et al 2017,http://dx.doi.org/10.1016/j.polymer.2016.10.040
368,polymer,EtOH_125 treaded,132.508,,187.0013,298.0,100000.0,260.0,4.0,0.208,890.644,fig 2,BERNARDO P et al 2017,http://dx.doi.org/10.1016/j.polymer.2016.10.040
669,polymer,Matrimid5218,,,0.0,308.0,500000.0,260.0,4.0,0.208,23.1,table 3,AKBARI A et al 2020,https://doi.org/10.1016/j.cep.2020.107804
670,MMM,Cu-BTC/Matrimid5218,,1.12,0.0,308.0,500000.0,260.0,4.0,0.208,27.7,table 3,AKBARI A et al 2020,https://doi.org/10.1016/j.cep.2020.107804
671,MMM,Cu-BTC/Matrimid5218,,1.12,0.0,308.0,500000.0,260.0,4.0,0.208,35.2,table 3,AKBARI A et al 2020,https://doi.org/10.1016/j.cep.2020.107804
672,MMM,Cu-BTC/Matrimid5218,,1.12,0.0,308.0,500000.0,260.0,4.0,0.208,49.7,table 3,AKBARI A et al 2020,https://doi.org/10.1016/j.cep.2020.107804
673,MMM,Cu-BTC/Matrimid5218,,1.12,0.0,308.0,500000.0,260.0,4.0,0.208,55.9,table 3,AKBARI A et al 2020,https://doi.org/10.1016/j.cep.2020.107804
674,MMM,Cu-BDC/Matrimid5218,,1.05,0.0,308.0,500000.0,260.0,4.0,0.208,28.1,table 3,AKBARI A et al 2020,https://doi.org/10.1016/j.cep.2020.107804
675,MMM,Cu-BDC/Matrimid5218,,1.05,0.0,308.0,500000.0,260.0,4.0,0.208,38.4,table 3,AKBARI A et al 2020,https://doi.org/10.1016/j.cep.2020.107804
676,MMM,Cu-BDC/Matrimid5218,,1.05,0.0,308.0,500000.0,260.0,4.0,0.208,47.3,table 3,AKBARI A et al 2020,https://doi.org/10.1016/j.cep.2020.107804
677,MMM,Cu-BDC/Matrimid5218,,1.05,0.0,308.0,500000.0,260.0,4.0,0.208,51.8,table 3,AKBARI A et al 2020,https://doi.org/10.1016/j.cep.2020.107804
678,MMM,Cu-BDC/Matrimid5218,,1.05,0.0,308.0,500000.0,260.0,4.0,0.208,55.1,table 3,AKBARI A et al 2020,https://doi.org/10.1016/j.cep.2020.107804
689,MMM,Cu-BDC/Matrimid5218,,1.05,0.0,318.0,500000.0,260.0,4.0,0.208,54.2274052478136,fig 6a,AKBARI A et al 2020,https://doi.org/10.1016/j.cep.2020.107804
690,MMM,Cu-BDC/Matrimid5218,,1.05,0.0,328.0,500000.0,260.0,4.0,0.208,58.1632653061227,fig 6a,AKBARI A et al 2020,https://doi.org/10.1016/j.cep.2020.107804
691,MMM,Cu-BDC/Matrimid5218,,1.05,0.0,338.0,500000.0,260.0,4.0,0.208,66.0349854227409,fig 6a,AKBARI A et al 2020,https://doi.org/10.1016/j.cep.2020.107804
695,MMM,Cu-BTC/Matrimid5218,,1.12,0.0,318.0,500000.0,260.0,4.0,0.208,52.4553571428571,fig 6b,AKBARI A et al 2020,https://doi.org/10.1016/j.cep.2020.107804
696,MMM,Cu-BTC/Matrimid5218,,1.12,0.0,328.0,500000.0,260.0,4.0,0.208,55.0595238095237,fig 6b,AKBARI A et al 2020,https://doi.org/10.1016/j.cep.2020.107804
697,MMM,Cu-BTC/Matrimid5218,,1.12,0.0,338.0,500000.0,260.0,4.0,0.208,58.0357142857143,fig 6b,AKBARI A et al 2020,https://doi.org/10.1016/j.cep.2020.107804
701,MMM,Cu-BDC/Matrimid5218,,1.05,0.0,308.0,100000.0,260.0,4.0,0.208,59.8240469208211,fig 8a,AKBARI A et al 2020,https://doi.org/10.1016/j.cep.2020.107804
702,MMM,Cu-BDC/Matrimid5218,,1.05,0.0,308.0,200000.0,260.0,4.0,0.208,58.9442815249266,fig 8a,AKBARI A et al 2020,https://doi.org/10.1016/j.cep.2020.107804
703,MMM,Cu-BDC/Matrimid5218,,1.05,0.0,308.0,300000.0,260.0,4.0,0.208,58.0645161290322,fig 8a,AKBARI A et al 2020,https://doi.org/10.1016/j.cep.2020.107804
704,MMM,Cu-BDC/Matrimid5218,,1.05,0.0,308.0,400000.0,260.0,4.0,0.208,52.7859237536656,fig 8a,AKBARI A et al 2020,https://doi.org/10.1016/j.cep.2020.107804
709,MMM,Cu-BTC/Matrimid5218,,1.12,0.0,308.0,100000.0,260.0,4.0,0.208,59.9850968703428,fig 8b,AKBARI A et al 2020,https://doi.org/10.1016/j.cep.2020.107804
710,MMM,Cu-BTC/Matrimid5218,,1.12,0.0,308.0,200000.0,260.0,4.0,0.208,60.7302533532042,fig 8b,AKBARI A et al 2020,https://doi.org/10.1016/j.cep.2020.107804
711,MMM,Cu-BTC/Matrimid5218,,1.12,0.0,308.0,300000.0,260.0,4.0,0.208,57.3770491803279,fig 8b,AKBARI A et al 2020,https://doi.org/10.1016/j.cep.2020.107804
712,MMM,Cu-BTC/Matrimid5218,,1.12,0.0,308.0,400000.0,260.0,4.0,0.208,52.9061102831595,fig 8b,AKBARI A et al 2020,https://doi.org/10.1016/j.cep.2020.107804
903,zeolite,unmodified MFI-type,7.0,0.58,0.0,773.0,200000.0,260.0,4.0,0.208,2678.47449640663,fig 4,KANEZASHI M and LI YS 2009,https://doi.org/10.1021/jp804586q
904,zeolite,unmodified MFI-type,7.0,0.58,0.0,673.0,200000.0,260.0,4.0,0.208,2958.42687540929,fig 4,KANEZASHI M and LI YS 2009,https://doi.org/10.1021/jp804586q
905,zeolite,unmodified MFI-type,7.0,0.58,0.0,573.0,200000.0,260.0,4.0,0.208,3067.08099831948,fig 4,KANEZASHI M and LI YS 2009,https://doi.org/10.1021/jp804586q
906,zeolite,unmodified MFI-type,7.0,0.58,0.0,473.0,200000.0,260.0,4.0,0.208,3177.98369032813,fig 4,KANEZASHI M and LI YS 2009,https://doi.org/10.1021/jp804586q
907,zeolite,unmodified MFI-type,7.0,0.58,0.0,373.0,200000.0,260.0,4.0,0.208,3238.08475332279,fig 4,KANEZASHI M and LI YS 2009,https://doi.org/10.1021/jp804586q
908,zeolite,unmodified MFI-type,7.0,0.58,0.0,298.0,200000.0,260.0,4.0,0.208,3646.06794031446,fig 4,KANEZASHI M and LI YS 2009,https://doi.org/10.1021/jp804586q
936,zeolite,counter-diffusion modified,7.0,0.58,0.0,773.0,200000.0,260.0,4.0,0.208,2104.41033038124,fig 7,KANEZASHI M and LI YS 2009,https://doi.org/10.1021/jp804586q
937,zeolite,counter-diffusion modified,7.0,0.58,0.0,673.0,200000.0,260.0,4.0,0.208,2181.7059768265,fig 7,KANEZASHI M and LI YS 2009,https://doi.org/10.1021/jp804586q
938,zeolite,counter-diffusion modified,7.0,0.58,0.0,573.0,200000.0,260.0,4.0,0.208,2401.99267303767,fig 7,KANEZASHI M and LI YS 2009,https://doi.org/10.1021/jp804586q
939,zeolite,counter-diffusion modified,7.0,0.58,0.0,473.0,200000.0,260.0,4.0,0.208,2842.35767752037,fig 7,KANEZASHI M and LI YS 2009,https://doi.org/10.1021/jp804586q
940,zeolite,counter-diffusion modified,7.0,0.58,0.0,373.0,200000.0,260.0,4.0,0.208,3167.20458137244,fig 7,KANEZASHI M and LI YS 2009,https://doi.org/10.1021/jp804586q
941,zeolite,counter-diffusion modified,7.0,0.58,0.0,323.0,200000.0,260.0,4.0,0.208,3323.25636644305,fig 7,KANEZASHI M and LI YS 2009,https://doi.org/10.1021/jp804586q
957,zeolite,one-side modified,7.0,0.58,0.0,773.0,200000.0,260.0,4.0,0.208,1153.40777235958,fig 10,KANEZASHI M and LI YS 2009,https://doi.org/10.1021/jp804586q
958,zeolite,one-side modified,7.0,0.58,0.0,673.0,200000.0,260.0,4.0,0.208,1078.23786959631,fig 10,KANEZASHI M and LI YS 2009,https://doi.org/10.1021/jp804586q
959,zeolite,one-side modified,7.0,0.58,0.0,573.0,200000.0,260.0,4.0,0.208,974.567988158288,fig 10,KANEZASHI M and LI YS 2009,https://doi.org/10.1021/jp804586q
960,zeolite,one-side modified,7.0,0.58,0.0,473.0,200000.0,260.0,4.0,0.208,832.75923774264,fig 10,KANEZASHI M and LI YS 2009,https://doi.org/10.1021/jp804586q
961,zeolite,one-side modified,7.0,0.58,0.0,373.0,200000.0,260.0,4.0,0.208,650.43272825438,fig 10,KANEZASHI M and LI YS 2009,https://doi.org/10.1021/jp804586q
962,zeolite,one-side modified,7.0,0.58,0.0,323.0,200000.0,260.0,4.0,0.208,562.066564976668,fig 10,KANEZASHI M and LI YS 2009,https://doi.org/10.1021/jp804586q
12,polymer,PI-0.25,50.0,,0.0,308.0,199000.0,289.0,2.02,0.787,238.0,table 2,XIE W et al 2022,https://doi.org/10.1016/j.seppur.2021.120091
13,polymer,PI-0.50,50.0,,0.0,308.0,199000.0,289.0,2.02,0.787,159.0,table 2,XIE W et al 2022,https://doi.org/10.1016/j.seppur.2021.120091
14,polymer,PI-0.75,50.0,,0.0,308.0,199000.0,289.0,2.02,0.787,117.0,table 2,XIE W et al 2022,https://doi.org/10.1016/j.seppur.2021.120091
15,polymer,PI-1.00,50.0,,0.0,308.0,199000.0,289.0,2.02,0.787,55.0,table 2,XIE W et al 2022,https://doi.org/10.1016/j.seppur.2021.120091
16,polymer,IPI-0.25,50.0,,0.0,308.0,199000.0,289.0,2.02,0.787,201.0,table 2,XIE W et al 2022,https://doi.org/10.1016/j.seppur.2021.120091
17,polymer,IPI-0.50,50.0,,0.0,308.0,199000.0,289.0,2.02,0.787,78.0,table 2,XIE W et al 2022,https://doi.org/10.1016/j.seppur.2021.120091
18,polymer,IPI-0.75,50.0,,0.0,308.0,199000.0,289.0,2.02,0.787,30.0,table 2,XIE W et al 2022,https://doi.org/10.1016/j.seppur.2021.120091
19,polymer,IPI-1.00,50.0,,0.0,308.0,199000.0,289.0,2.02,0.787,8.4,table 2,XIE W et al 2022,https://doi.org/10.1016/j.seppur.2021.120091
294,polymer,untreated,90.0,,0.0,298.0,100000.0,289.0,2.02,0.787,1740.0,table 1,BERNARDO P et al 2017,http://dx.doi.org/10.1016/j.polymer.2016.10.040
295,polymer,EtOH_25 treaded,110.0,,0.0,298.0,100000.0,289.0,2.02,0.787,4500.0,table 1,BERNARDO P et al 2017,http://dx.doi.org/10.1016/j.polymer.2016.10.040
296,polymer,EtOH_25 treaded,110.0,,1200.0,298.0,100000.0,289.0,2.02,0.787,2440.0,table 1,BERNARDO P et al 2017,http://dx.doi.org/10.1016/j.polymer.2016.10.040
313,polymer,EtOH_100 treaded,125.4,,2117.0,298.0,100000.0,289.0,2.02,0.787,2418.0,table S1,BERNARDO P et al 2017,http://dx.doi.org/10.1016/j.polymer.2016.10.040
345,polymer,untreated,90.0,,4.006265,298.0,100000.0,289.0,2.02,0.787,1794.516,fig 2,BERNARDO P et al 2017,http://dx.doi.org/10.1016/j.polymer.2016.10.040
346,polymer,untreated,90.0,,118.6763,298.0,100000.0,289.0,2.02,0.787,2088.031,fig 2,BERNARDO P et al 2017,http://dx.doi.org/10.1016/j.polymer.2016.10.040
347,polymer,untreated,90.0,,248.4868,298.0,100000.0,289.0,2.02,0.787,2171.911,fig 2,BERNARDO P et al 2017,http://dx.doi.org/10.1016/j.polymer.2016.10.040
348,polymer,EtOH_25 treaded,110.0,,7.004888,298.0,100000.0,289.0,2.02,0.787,3792.69,fig 2,BERNARDO P et al 2017,http://dx.doi.org/10.1016/j.polymer.2016.10.040
349,polymer,EtOH_25 treaded,110.0,,63.15262,298.0,100000.0,289.0,2.02,0.787,3269.442,fig 2,BERNARDO P et al 2017,http://dx.doi.org/10.1016/j.polymer.2016.10.040
350,polymer,EtOH_25 treaded,110.0,,346.8306,298.0,100000.0,289.0,2.02,0.787,2612.795,fig 2,BERNARDO P et al 2017,http://dx.doi.org/10.1016/j.polymer.2016.10.040
351,polymer,EtOH_75 treaded,110.9054,,2.793727,298.0,100000.0,289.0,2.02,0.787,2967.348,fig 2,BERNARDO P et al 2017,http://dx.doi.org/10.1016/j.polymer.2016.10.040
352,polymer,EtOH_75 treaded,110.9054,,27.56215,298.0,100000.0,289.0,2.02,0.787,2726.003,fig 2,BERNARDO P et al 2017,http://dx.doi.org/10.1016/j.polymer.2016.10.040
353,polymer,EtOH_75 treaded,110.9054,,186.2339,298.0,100000.0,289.0,2.02,0.787,2436.925,fig 2,BERNARDO P et al 2017,http://dx.doi.org/10.1016/j.polymer.2016.10.040
354,polymer,EtOH_125 treaded,132.508,,4.006265,298.0,100000.0,289.0,2.02,0.787,2211.754,fig 2,BERNARDO P et al 2017,http://dx.doi.org/10.1016/j.polymer.2016.10.040
355,polymer,EtOH_125 treaded,132.508,,29.09353,298.0,100000.0,289.0,2.02,0.787,2171.911,fig 2,BERNARDO P et al 2017,http://dx.doi.org/10.1016/j.polymer.2016.10.040
356,polymer,EtOH_125 treaded,132.508,,189.621,298.0,100000.0,289.0,2.02,0.787,2038.03,fig 2,BERNARDO P et al 2017,http://dx.doi.org/10.1016/j.polymer.2016.10.040
726,MMM,SAPO-34/PEI,1.0,,0.0,303.0,100000.0,289.0,2.02,0.787,3.27067284536041,fig 7,MESSAOUD AB et al 2015,http://dx.doi.org/10.1016/j.seppur.2015.04.017
756,MMM,HOF-30/matrimid5218,15.0,0.394,0.0,298.0,100000.0,289.0,2.02,0.787,432.8,table S3,LI W et al 2022,https://doi.org/10.1016/j.memsci.2021.120021
799,zeolite,SSZ-13 ,3.0,0.372,0.0,303.0,100000.0,289.0,2.02,0.787,3508.3151687789,fig 4,AYDANI A et al 2021,https://doi.org/10.1016/j.seppur.2020.117796
800,zeolite,SSZ-13 ,3.0,0.372,0.0,323.0,100000.0,289.0,2.02,0.787,3527.87833816727,fig 4,AYDANI A et al 2021,https://doi.org/10.1016/j.seppur.2020.117796
801,zeolite,SSZ-13 ,3.0,0.372,0.0,353.0,100000.0,289.0,2.02,0.787,3729.61186258627,fig 4,AYDANI A et al 2021,https://doi.org/10.1016/j.seppur.2020.117796
811,zeolite,SSZ-13 ,3.0,0.372,0.0,303.0,500000.0,289.0,2.02,0.787,3040.04154100789,fig 4,AYDANI A et al 2021,https://doi.org/10.1016/j.seppur.2020.117796
812,zeolite,SSZ-13 ,3.0,0.372,0.0,323.0,500000.0,289.0,2.02,0.787,3143.18205627139,fig 4,AYDANI A et al 2021,https://doi.org/10.1016/j.seppur.2020.117796
813,zeolite,SSZ-13 ,3.0,0.372,0.0,353.0,500000.0,289.0,2.02,0.787,3213.87925404572,fig 4,AYDANI A et al 2021,https://doi.org/10.1016/j.seppur.2020.117796
814,zeolite,SSZ-13 ,3.0,0.372,0.0,303.0,300000.0,289.0,2.02,0.787,3015.95175359501,fig 8,AYDANI A et al 2021,https://doi.org/10.1016/j.seppur.2020.117796
821,zeolite,SSZ-13 ,3.0,0.372,0.0,303.0,200000.0,289.0,2.02,0.787,3007.04840971593,fig 7,AYDANI A et al 2021,https://doi.org/10.1016/j.seppur.2020.117796
822,zeolite,SSZ-13 ,3.0,0.372,0.0,303.0,400000.0,289.0,2.02,0.787,3103.05667542417,fig 7,AYDANI A et al 2021,https://doi.org/10.1016/j.seppur.2020.117796
823,zeolite,SSZ-13 ,3.0,0.372,0.0,303.0,600000.0,289.0,2.02,0.787,3469.92825022807,fig 7,AYDANI A et al 2021,https://doi.org/10.1016/j.seppur.2020.117796
842,zeolite,M1,0.9,,0.0,298.0,100000.0,289.0,2.02,0.787,365.76558216,table S1,WU X et al 2022,https://doi.org/10.1016/j.memsci.2022.120291
843,zeolite,GO size of 20-30,0.9,,0.0,298.0,100000.0,289.0,2.02,0.787,642.77922159,table S1,WU X et al 2022,https://doi.org/10.1016/j.memsci.2022.120291
844,zeolite,GO size of 3-5,0.8,,0.0,298.0,100000.0,289.0,2.02,0.787,1030.35925432,table S1,WU X et al 2022,https://doi.org/10.1016/j.memsci.2022.120291
848,zeolite,M3,0.9,,0.0,298.0,100000.0,289.0,2.02,0.787,4303.124496,table S2,WU X et al 2022,https://doi.org/10.1016/j.memsci.2022.120291
849,zeolite,M4,0.5,,0.0,298.0,100000.0,289.0,2.02,0.787,1225.195169,table S2,WU X et al 2022,https://doi.org/10.1016/j.memsci.2022.120291
850,zeolite,M5,0.9,,0.0,298.0,100000.0,289.0,2.02,0.787,1965.99000411,table S2,WU X et al 2022,https://doi.org/10.1016/j.memsci.2022.120291
854,zeolite,ZnEG Content X=40,0.7,,0.0,298.0,100000.0,289.0,2.02,0.787,1347.09030424156, fig 4,WU X et al 2022,https://doi.org/10.1016/j.memsci.2022.120291
855,zeolite,ZnEG Content X=80,0.8,,0.0,298.0,100000.0,289.0,2.02,0.787,583.314027332928, fig 4,WU X et al 2022,https://doi.org/10.1016/j.memsci.2022.120291
856,zeolite,ZnEG Content X=100,0.9,,0.0,298.0,100000.0,289.0,2.02,0.787,612.379359844075, fig 4,WU X et al 2022,https://doi.org/10.1016/j.memsci.2022.120291
857,zeolite,ZnEG Content X=150,2.0,,0.0,298.0,100000.0,289.0,2.02,0.787,1152.42531139912, fig 4,WU X et al 2022,https://doi.org/10.1016/j.memsci.2022.120291
862,zeolite,reaction time = 0h,0.9,,0.0,298.0,100000.0,289.0,2.02,0.787,1684.70179542601, fig 6,WU X et al 2022,https://doi.org/10.1016/j.memsci.2022.120291
863,zeolite,reaction time = 2h,0.9,,0.0,298.0,100000.0,289.0,2.02,0.787,903.119662192159, fig 6,WU X et al 2022,https://doi.org/10.1016/j.memsci.2022.120291
864,zeolite,reaction time = 4h,0.9,,0.0,298.0,100000.0,289.0,2.02,0.787,681.921211882415, fig 6,WU X et al 2022,https://doi.org/10.1016/j.memsci.2022.120291
865,zeolite,reaction time = 12h,0.9,,0.0,298.0,100000.0,289.0,2.02,0.787,717.145940900762, fig 6,WU X et al 2022,https://doi.org/10.1016/j.memsci.2022.120291
870,zeolite,filtration time = 3s,0.5,,0.0,298.0,100000.0,289.0,2.02,0.787,260.364490829804, fig 8,WU X et al 2022,https://doi.org/10.1016/j.memsci.2022.120291
871,zeolite,filtration time = 10s,1.5,,0.0,298.0,100000.0,289.0,2.02,0.787,253.394380309016, fig 8,WU X et al 2022,https://doi.org/10.1016/j.memsci.2022.120291
872,zeolite,filtration time = 15s,2.0,,0.0,298.0,100000.0,289.0,2.02,0.787,214.476667092492, fig 8,WU X et al 2022,https://doi.org/10.1016/j.memsci.2022.120291
873,zeolite,filtration time = 20s,2.5,,0.0,298.0,100000.0,289.0,2.02,0.787,526.49060523011, fig 8,WU X et al 2022,https://doi.org/10.1016/j.memsci.2022.120291
912,zeolite,unmodified MFI-type,7.0,0.58,0.0,773.0,200000.0,289.0,2.02,0.787,2623.54822362934,fig 5,KANEZASHI M and LI YS 2009,https://doi.org/10.1021/jp804586q
913,zeolite,unmodified MFI-type,7.0,0.58,0.0,673.0,200000.0,289.0,2.02,0.787,2875.02331781974,fig 5,KANEZASHI M and LI YS 2009,https://doi.org/10.1021/jp804586q
914,zeolite,unmodified MFI-type,7.0,0.58,0.0,573.0,200000.0,289.0,2.02,0.787,3214.64764750309,fig 5,KANEZASHI M and LI YS 2009,https://doi.org/10.1021/jp804586q
915,zeolite,unmodified MFI-type,7.0,0.58,0.0,473.0,200000.0,289.0,2.02,0.787,3676.94745972611,fig 5,KANEZASHI M and LI YS 2009,https://doi.org/10.1021/jp804586q
916,zeolite,unmodified MFI-type,7.0,0.58,0.0,373.0,200000.0,289.0,2.02,0.787,4642.91205954108,fig 5,KANEZASHI M and LI YS 2009,https://doi.org/10.1021/jp804586q
917,zeolite,unmodified MFI-type,7.0,0.58,0.0,298.0,200000.0,289.0,2.02,0.787,5070.41270681934,fig 5,KANEZASHI M and LI YS 2009,https://doi.org/10.1021/jp804586q
930,zeolite,counter-diffusion modified,7.0,0.58,0.0,773.0,200000.0,289.0,2.02,0.787,2686.03830385576,fig 7,KANEZASHI M and LI YS 2009,https://doi.org/10.1021/jp804586q
931,zeolite,counter-diffusion modified,7.0,0.58,0.0,673.0,200000.0,289.0,2.02,0.787,2943.1132252052,fig 7,KANEZASHI M and LI YS 2009,https://doi.org/10.1021/jp804586q
932,zeolite,counter-diffusion modified,7.0,0.58,0.0,573.0,200000.0,289.0,2.02,0.787,3096.35657429833,fig 7,KANEZASHI M and LI YS 2009,https://doi.org/10.1021/jp804586q
933,zeolite,counter-diffusion modified,7.0,0.58,0.0,473.0,200000.0,289.0,2.02,0.787,3578.63117460869,fig 7,KANEZASHI M and LI YS 2009,https://doi.org/10.1021/jp804586q
934,zeolite,counter-diffusion modified,7.0,0.58,0.0,373.0,200000.0,289.0,2.02,0.787,4210.38371369875,fig 7,KANEZASHI M and LI YS 2009,https://doi.org/10.1021/jp804586q
935,zeolite,counter-diffusion modified,7.0,0.58,0.0,323.0,200000.0,289.0,2.02,0.787,4503.73973862389,fig 7,KANEZASHI M and LI YS 2009,https://doi.org/10.1021/jp804586q
951,zeolite,one-side modified,7.0,0.58,0.0,773.0,200000.0,289.0,2.02,0.787,848.173433034467,fig 10,KANEZASHI M and LI YS 2009,https://doi.org/10.1021/jp804586q
952,zeolite,one-side modified,7.0,0.58,0.0,673.0,200000.0,289.0,2.02,0.787,751.533506072439,fig 10,KANEZASHI M and LI YS 2009,https://doi.org/10.1021/jp804586q
953,zeolite,one-side modified,7.0,0.58,0.0,573.0,200000.0,289.0,2.02,0.787,646.431342423989,fig 10,KANEZASHI M and LI YS 2009,https://doi.org/10.1021/jp804586q
954,zeolite,one-side modified,7.0,0.58,0.0,473.0,200000.0,289.0,2.02,0.787,527.456475398785,fig 10,KANEZASHI M and LI YS 2009,https://doi.org/10.1021/jp804586q
955,zeolite,one-side modified,7.0,0.58,0.0,373.0,200000.0,289.0,2.02,0.787,375.77003004585,fig 10,KANEZASHI M and LI YS 2009,https://doi.org/10.1021/jp804586q
956,zeolite,one-side modified,7.0,0.58,0.0,323.0,200000.0,289.0,2.02,0.787,305.445972703393,fig 10,KANEZASHI M and LI YS 2009,https://doi.org/10.1021/jp804586q
20,polymer,PI-0.25,50.0,,0.0,308.0,199000.0,330.0,44.01,2.507,191.0,table 2,XIE W et al 2022,https://doi.org/10.1016/j.seppur.2021.120091
21,polymer,PI-0.50,50.0,,0.0,308.0,199000.0,330.0,44.01,2.507,121.0,table 2,XIE W et al 2022,https://doi.org/10.1016/j.seppur.2021.120091
22,polymer,PI-0.75,50.0,,0.0,308.0,199000.0,330.0,44.01,2.507,66.0,table 2,XIE W et al 2022,https://doi.org/10.1016/j.seppur.2021.120091
23,polymer,PI-1.00,50.0,,0.0,308.0,199000.0,330.0,44.01,2.507,25.0,table 2,XIE W et al 2022,https://doi.org/10.1016/j.seppur.2021.120091
24,polymer,IPI-0.25,50.0,,0.0,308.0,199000.0,330.0,44.01,2.507,178.0,table 2,XIE W et al 2022,https://doi.org/10.1016/j.seppur.2021.120091
25,polymer,IPI-0.50,50.0,,0.0,308.0,199000.0,330.0,44.01,2.507,44.0,table 2,XIE W et al 2022,https://doi.org/10.1016/j.seppur.2021.120091
26,polymer,IPI-0.75,50.0,,0.0,308.0,199000.0,330.0,44.01,2.507,13.0,table 2,XIE W et al 2022,https://doi.org/10.1016/j.seppur.2021.120091
27,polymer,IPI-1.00,50.0,,0.0,308.0,199000.0,330.0,44.01,2.507,2.2,table 2,XIE W et al 2022,https://doi.org/10.1016/j.seppur.2021.120091
178,polymer,Neat PIM-1,74.2,,620.0,293.0,20000.0,330.0,44.01,2.507,2688.0,table 1,AMEEN AW et al 2021,https://doi.org/10.1016/j.memsci.2021.119527
180,MMM,BNNS/PIM-1,72.2,,620.0,293.0,20000.0,330.0,44.01,2.507,3495.0,table 1,AMEEN AW et al 2021,https://doi.org/10.1016/j.memsci.2021.119527
182,MMM,BNNS/PIM-1,72.5,,620.0,293.0,20000.0,330.0,44.01,2.507,3331.0,table 1,AMEEN AW et al 2021,https://doi.org/10.1016/j.memsci.2021.119527
306,polymer,untreated,90.0,,0.0,298.0,100000.0,330.0,44.01,2.507,4970.0,table 1,BERNARDO P et al 2017,http://dx.doi.org/10.1016/j.polymer.2016.10.040
308,polymer,EtOH_25 treaded,110.0,,1200.0,298.0,100000.0,330.0,44.01,2.507,2840.0,table 1,BERNARDO P et al 2017,http://dx.doi.org/10.1016/j.polymer.2016.10.040
311,polymer,EtOH_100 treaded,125.4,,2117.0,298.0,100000.0,330.0,44.01,2.507,3317.0,table S1,BERNARDO P et al 2017,http://dx.doi.org/10.1016/j.polymer.2016.10.040
333,polymer,untreated,90.0,,4.03483,298.0,100000.0,330.0,44.01,2.507,4187.005,fig 2,BERNARDO P et al 2017,http://dx.doi.org/10.1016/j.polymer.2016.10.040
334,polymer,untreated,90.0,,38.06997,298.0,100000.0,330.0,44.01,2.507,3931.191,fig 2,BERNARDO P et al 2017,http://dx.doi.org/10.1016/j.polymer.2016.10.040
335,polymer,untreated,90.0,,251.1886,298.0,100000.0,330.0,44.01,2.507,3283.199,fig 2,BERNARDO P et al 2017,http://dx.doi.org/10.1016/j.polymer.2016.10.040
336,polymer,EtOH_25 treaded,110.0,,7.024282,298.0,100000.0,330.0,44.01,2.507,8427.223,fig 2,BERNARDO P et al 2017,http://dx.doi.org/10.1016/j.polymer.2016.10.040
337,polymer,EtOH_25 treaded,110.0,,63.94775,298.0,100000.0,330.0,44.01,2.507,5860.396,fig 2,BERNARDO P et al 2017,http://dx.doi.org/10.1016/j.polymer.2016.10.040
338,polymer,EtOH_25 treaded,110.0,,346.5819,298.0,100000.0,330.0,44.01,2.507,3592.615,fig 2,BERNARDO P et al 2017,http://dx.doi.org/10.1016/j.polymer.2016.10.040
339,polymer,EtOH_75 treaded,110.9054,,2.796417,298.0,100000.0,330.0,44.01,2.507,7080.521,fig 2,BERNARDO P et al 2017,http://dx.doi.org/10.1016/j.polymer.2016.10.040
340,polymer,EtOH_75 treaded,110.9054,,27.83942,298.0,100000.0,330.0,44.01,2.507,5469.404,fig 2,BERNARDO P et al 2017,http://dx.doi.org/10.1016/j.polymer.2016.10.040
341,polymer,EtOH_75 treaded,110.9054,,135.5311,298.0,100000.0,330.0,44.01,2.507,4026.747,fig 2,BERNARDO P et al 2017,http://dx.doi.org/10.1016/j.polymer.2016.10.040
342,polymer,EtOH_125 treaded,132.508,,3.998911,298.0,100000.0,330.0,44.01,2.507,5949.026,fig 2,BERNARDO P et al 2017,http://dx.doi.org/10.1016/j.polymer.2016.10.040
343,polymer,EtOH_125 treaded,132.508,,29.37387,298.0,100000.0,330.0,44.01,2.507,5275.877,fig 2,BERNARDO P et al 2017,http://dx.doi.org/10.1016/j.polymer.2016.10.040
344,polymer,EtOH_125 treaded,132.508,,116.4178,298.0,100000.0,330.0,44.01,2.507,4807.037,fig 2,BERNARDO P et al 2017,http://dx.doi.org/10.1016/j.polymer.2016.10.040
408,polymer,6FDA-DAM,55.0,1.2,0.0,308.0,480000.0,330.0,44.01,2.507,816.303667484013,fig S5f,BACHMAN et al 2016,https://doi.org/10.1038/nmat4621
409,polymer,6FDA-DAM,55.0,1.2,0.0,308.0,970000.0,330.0,44.01,2.507,741.178685940364,fig S5f,BACHMAN et al 2016,https://doi.org/10.1038/nmat4621
410,polymer,6FDA-DAM,55.0,1.2,0.0,308.0,1460000.0,330.0,44.01,2.507,751.976648524515,fig S5f,BACHMAN et al 2016,https://doi.org/10.1038/nmat4621
411,polymer,6FDA-DAM,55.0,1.2,0.0,308.0,1940000.0,330.0,44.01,2.507,814.835048859605,fig S5f,BACHMAN et al 2016,https://doi.org/10.1038/nmat4621
412,polymer,6FDA-DAM,55.0,1.2,0.0,308.0,2430000.0,330.0,44.01,2.507,895.317445560763,fig S5f,BACHMAN et al 2016,https://doi.org/10.1038/nmat4621
413,polymer,6FDA-DAM,55.0,1.2,0.0,308.0,2930000.0,330.0,44.01,2.507,999.260285209386,fig S5f,BACHMAN et al 2016,https://doi.org/10.1038/nmat4621
414,polymer,6FDA-DAM,55.0,1.2,0.0,308.0,3400000.0,330.0,44.01,2.507,1104.18925436742,fig S5f,BACHMAN et al 2016,https://doi.org/10.1038/nmat4621
415,polymer,6FDA-DAM,55.0,1.2,0.0,308.0,3900000.0,330.0,44.01,2.507,1206.46303645809,fig S5f,BACHMAN et al 2016,https://doi.org/10.1038/nmat4621
416,polymer,6FDA-DAM,55.0,1.2,0.0,308.0,4390000.0,330.0,44.01,2.507,1298.18409905158,fig S5f,BACHMAN et al 2016,https://doi.org/10.1038/nmat4621
417,polymer,6FDA-DAM,55.0,1.2,0.0,308.0,4870000.0,330.0,44.01,2.507,1380.39411513563,fig S5f,BACHMAN et al 2016,https://doi.org/10.1038/nmat4621
418,MMM,6wt_Ni2(dobdc),55.0,1.2,0.0,308.0,480000.0,330.0,44.01,2.507,942.910016241897,fig S5f,BACHMAN et al 2016,https://doi.org/10.1038/nmat4621
419,MMM,6wt_Ni2(dobdc),55.0,1.2,0.0,308.0,970000.0,330.0,44.01,2.507,880.343475124281,fig S5f,BACHMAN et al 2016,https://doi.org/10.1038/nmat4621
420,MMM,6wt_Ni2(dobdc),55.0,1.2,0.0,308.0,1460000.0,330.0,44.01,2.507,896.278260622352,fig S5f,BACHMAN et al 2016,https://doi.org/10.1038/nmat4621
421,MMM,6wt_Ni2(dobdc),55.0,1.2,0.0,308.0,1950000.0,330.0,44.01,2.507,952.935469618973,fig S5f,BACHMAN et al 2016,https://doi.org/10.1038/nmat4621
422,MMM,6wt_Ni2(dobdc),55.0,1.2,0.0,308.0,2450000.0,330.0,44.01,2.507,1023.84583365153,fig S5f,BACHMAN et al 2016,https://doi.org/10.1038/nmat4621
423,MMM,6wt_Ni2(dobdc),55.0,1.2,0.0,308.0,2920000.0,330.0,44.01,2.507,1108.63438934928,fig S5f,BACHMAN et al 2016,https://doi.org/10.1038/nmat4621
424,MMM,6wt_Ni2(dobdc),55.0,1.2,0.0,308.0,3420000.0,330.0,44.01,2.507,1191.78581528024,fig S5f,BACHMAN et al 2016,https://doi.org/10.1038/nmat4621
425,MMM,6wt_Ni2(dobdc),55.0,1.2,0.0,308.0,3900000.0,330.0,44.01,2.507,1272.82168787944,fig S5f,BACHMAN et al 2016,https://doi.org/10.1038/nmat4621
426,MMM,6wt_Ni2(dobdc),55.0,1.2,0.0,308.0,4390000.0,330.0,44.01,2.507,1349.88608133148,fig S5f,BACHMAN et al 2016,https://doi.org/10.1038/nmat4621
427,MMM,6wt_Ni2(dobdc),55.0,1.2,0.0,308.0,4870000.0,330.0,44.01,2.507,1419.6496821153,fig S5f,BACHMAN et al 2016,https://doi.org/10.1038/nmat4621
428,MMM,25wt_Ni2(dobdc),55.0,1.2,0.0,308.0,530000.0,330.0,44.01,2.507,1153.63853017922,fig S5f,BACHMAN et al 2016,https://doi.org/10.1038/nmat4621
429,MMM,25wt_Ni2(dobdc),55.0,1.2,0.0,308.0,1050000.0,330.0,44.01,2.507,1066.24206927226,fig S5f,BACHMAN et al 2016,https://doi.org/10.1038/nmat4621
430,MMM,25wt_Ni2(dobdc),55.0,1.2,0.0,308.0,1510000.0,330.0,44.01,2.507,1041.47409222834,fig S5f,BACHMAN et al 2016,https://doi.org/10.1038/nmat4621
431,MMM,25wt_Ni2(dobdc),55.0,1.2,0.0,308.0,2020000.0,330.0,44.01,2.507,1045.79619783089,fig S5f,BACHMAN et al 2016,https://doi.org/10.1038/nmat4621
432,MMM,25wt_Ni2(dobdc),55.0,1.2,0.0,308.0,2470000.0,330.0,44.01,2.507,1093.2883721423,fig S5f,BACHMAN et al 2016,https://doi.org/10.1038/nmat4621
433,MMM,25wt_Ni2(dobdc),55.0,1.2,0.0,308.0,3000000.0,330.0,44.01,2.507,1183.12692528431,fig S5f,BACHMAN et al 2016,https://doi.org/10.1038/nmat4621
434,MMM,25wt_Ni2(dobdc),55.0,1.2,0.0,308.0,3500000.0,330.0,44.01,2.507,1282.15259355065,fig S5f,BACHMAN et al 2016,https://doi.org/10.1038/nmat4621
435,MMM,25wt_Ni2(dobdc),55.0,1.2,0.0,308.0,3970000.0,330.0,44.01,2.507,1395.76219205953,fig S5f,BACHMAN et al 2016,https://doi.org/10.1038/nmat4621
436,MMM,25wt_Ni2(dobdc),55.0,1.2,0.0,308.0,4460000.0,330.0,44.01,2.507,1496.07370981985,fig S5f,BACHMAN et al 2016,https://doi.org/10.1038/nmat4621
437,MMM,25wt_Ni2(dobdc),55.0,1.2,0.0,308.0,4950000.0,330.0,44.01,2.507,1587.5051254332,fig S5f,BACHMAN et al 2016,https://doi.org/10.1038/nmat4621
532,polymer,Pebax-1657,,,0.0,298.0,400000.0,330.0,44.01,2.507,57.3,table 3,EBADI R et al 2021,https://doi.org/10.1016/j.jngse.2021.103947
533,MMM,Pebax-1657/Si-CHA 5%,54.485,0.38,0.0,298.0,400000.0,330.0,44.01,2.507,88.09,table 3,EBADI R et al 2021,https://doi.org/10.1016/j.jngse.2021.103947
534,MMM,Pebax-1657/Si-CHA 10%,35.93,0.38,0.0,298.0,400000.0,330.0,44.01,2.507,116.11,table 3,EBADI R et al 2021,https://doi.org/10.1016/j.jngse.2021.103947
535,MMM,Pebax-1657/Si-CHA 15%,45.485,0.38,0.0,298.0,400000.0,330.0,44.01,2.507,124.19,table 3,EBADI R et al 2021,https://doi.org/10.1016/j.jngse.2021.103947
540,polymer,Pebax-1657,,,0.0,298.0,200000.0,330.0,44.01,2.507,45.8210645526613,fig 13a,EBADI R et al 2021,https://doi.org/10.1016/j.jngse.2021.103947
541,MMM,Pebax-1657/Si-CHA 5%,54.485,0.38,0.0,298.0,200000.0,330.0,44.01,2.507,53.1143827859569,fig 13a,EBADI R et al 2021,https://doi.org/10.1016/j.jngse.2021.103947
542,MMM,Pebax-1657/Si-CHA 10%,35.93,0.38,0.0,298.0,200000.0,330.0,44.01,2.507,71.6647791619478,fig 13a,EBADI R et al 2021,https://doi.org/10.1016/j.jngse.2021.103947
543,MMM,Pebax-1657/Si-CHA 15%,45.485,0.38,0.0,298.0,200000.0,330.0,44.01,2.507,75.9456398640996,fig 13a,EBADI R et al 2021,https://doi.org/10.1016/j.jngse.2021.103947
548,polymer,Pebax-1657,,,0.0,298.0,600000.0,330.0,44.01,2.507,80.7021517553794,fig 13a,EBADI R et al 2021,https://doi.org/10.1016/j.jngse.2021.103947
549,MMM,Pebax-1657/Si-CHA 5%,54.485,0.38,0.0,298.0,600000.0,330.0,44.01,2.507,97.5084937712344,fig 13a,EBADI R et al 2021,https://doi.org/10.1016/j.jngse.2021.103947
550,MMM,Pebax-1657/Si-CHA 10%,35.93,0.38,0.0,298.0,600000.0,330.0,44.01,2.507,129.377123442808,fig 13a,EBADI R et al 2021,https://doi.org/10.1016/j.jngse.2021.103947
551,MMM,Pebax-1657/Si-CHA 15%,45.485,0.38,0.0,298.0,600000.0,330.0,44.01,2.507,138.41449603624,fig 13a,EBADI R et al 2021,https://doi.org/10.1016/j.jngse.2021.103947
574,polymer,Matrimid5218,,0.6499999999999999,0.0,298.0,1000000.0,330.0,44.01,2.507,7.225352,fig 9,TARIQ AR et al 2020,https://doi.org/10.1016/j.arabjc.2020.10.021
575,MMM,Matrimid5218/MOF,,0.6499999999999999,0.0,298.0,1000000.0,330.0,44.01,2.507,13.1831,fig 9,TARIQ AR et al 2020,https://doi.org/10.1016/j.arabjc.2020.10.021
576,MMM,Matrimid5218/MOF,,0.6499999999999999,0.0,298.0,1000000.0,330.0,44.01,2.507,18.33803,fig 9,TARIQ AR et al 2020,https://doi.org/10.1016/j.arabjc.2020.10.021
577,MMM,Matrimid5218/MOF,,0.6499999999999999,0.0,298.0,1000000.0,330.0,44.01,2.507,25.85915,fig 9,TARIQ AR et al 2020,https://doi.org/10.1016/j.arabjc.2020.10.021
582,polymer,Matrimid5218,,0.6499999999999999,0.0,308.0,1000000.0,330.0,44.01,2.507,7.909836066,fig 14 and 15,TARIQ AR et al 2020,https://doi.org/10.1016/j.arabjc.2020.10.021
583,polymer,Matrimid5218,,0.6499999999999999,0.0,318.0,1000000.0,330.0,44.01,2.507,9.754098361,fig 14 and 15,TARIQ AR et al 2020,https://doi.org/10.1016/j.arabjc.2020.10.021
584,polymer,Matrimid5218,,0.6499999999999999,0.0,328.0,1000000.0,330.0,44.01,2.507,11.2295082,fig 14 and 15,TARIQ AR et al 2020,https://doi.org/10.1016/j.arabjc.2020.10.021
585,polymer,Matrimid5218,,0.6499999999999999,0.0,338.0,1000000.0,330.0,44.01,2.507,12.82786885,fig 14 and 15,TARIQ AR et al 2020,https://doi.org/10.1016/j.arabjc.2020.10.021
590,MMM,Matrimid5218/MOF,,0.6499999999999999,0.0,308.0,1000000.0,330.0,44.01,2.507,13.97540984,fig 14 and 15,TARIQ AR et al 2020,https://doi.org/10.1016/j.arabjc.2020.10.021
591,MMM,Matrimid5218/MOF,,0.6499999999999999,0.0,318.0,1000000.0,330.0,44.01,2.507,15.94262295,fig 14 and 15,TARIQ AR et al 2020,https://doi.org/10.1016/j.arabjc.2020.10.021
592,MMM,Matrimid5218/MOF,,0.6499999999999999,0.0,328.0,1000000.0,330.0,44.01,2.507,18.68852459,fig 14 and 15,TARIQ AR et al 2020,https://doi.org/10.1016/j.arabjc.2020.10.021
593,MMM,Matrimid5218/MOF,,0.6499999999999999,0.0,338.0,1000000.0,330.0,44.01,2.507,20.45081967,fig 14 and 15,TARIQ AR et al 2020,https://doi.org/10.1016/j.arabjc.2020.10.021
607,polymer,6FDA-DAM:DABA(3:2),,,0.0,303.0,690000.0,330.0,44.01,2.507,143.9,table 4,AHMAD MZ et al 2021 / QIU W et al 2013,https://doi.org/10.1016/j.seppur.2020.117582
609,polymer,6FDA-DAM:DABA(3:2),,,0.0,303.0,100000.0,330.0,44.01,2.507,134.0,table 4,AHMAD MZ et al 2021 / PARK S et al 2014,https://doi.org/10.1016/j.seppur.2020.117582
611,MMM,6FDA-DAM:DABA(3:2)/DMS,,,0.0,303.0,100000.0,330.0,44.01,2.507,202.1,table 4,AHMAD MZ et al 2021 / PARK S et al 2014,https://doi.org/10.1016/j.seppur.2020.117582
613,MMM,6FDA-DAM:DABA(3:2)/DMS,,,0.0,303.0,100000.0,330.0,44.01,2.507,365.0,table 4,AHMAD MZ et al 2021 / PARK S et al 2014,https://doi.org/10.1016/j.seppur.2020.117582
727,MMM,SAPO-34/PEI,1.0,,0.0,303.0,100000.0,330.0,44.01,2.507,1.2530558794349,fig 7,MESSAOUD AB et al 2015,http://dx.doi.org/10.1016/j.seppur.2015.04.017
758,MMM,HOF-30/matrimid5218,15.0,0.394,0.0,298.0,100000.0,330.0,44.01,2.507,10.4784079131195,fig 8,LI W et al 2022,https://doi.org/10.1016/j.memsci.2021.120021
790,zeolite,SSZ-13 ,3.0,0.372,0.0,303.0,100000.0,330.0,44.01,2.507,6576.48722074984,fig 4,AYDANI A et al 2021,https://doi.org/10.1016/j.seppur.2020.117796
791,zeolite,SSZ-13 ,3.0,0.372,0.0,323.0,100000.0,330.0,44.01,2.507,6724.40703565142,fig 4,AYDANI A et al 2021,https://doi.org/10.1016/j.seppur.2020.117796
792,zeolite,SSZ-13 ,3.0,0.372,0.0,353.0,100000.0,330.0,44.01,2.507,5383.36536029797,fig 4,AYDANI A et al 2021,https://doi.org/10.1016/j.seppur.2020.117796
802,zeolite,SSZ-13 ,3.0,0.372,0.0,303.0,500000.0,330.0,44.01,2.507,4769.74097259792,fig 4,AYDANI A et al 2021,https://doi.org/10.1016/j.seppur.2020.117796
803,zeolite,SSZ-13 ,3.0,0.372,0.0,323.0,500000.0,330.0,44.01,2.507,4959.06518245473,fig 4,AYDANI A et al 2021,https://doi.org/10.1016/j.seppur.2020.117796
804,zeolite,SSZ-13 ,3.0,0.372,0.0,353.0,500000.0,330.0,44.01,2.507,4511.74723308867,fig 4,AYDANI A et al 2021,https://doi.org/10.1016/j.seppur.2020.117796
815,zeolite,SSZ-13 ,3.0,0.372,0.0,303.0,300000.0,330.0,44.01,2.507,5346.62806245236,fig 8,AYDANI A et al 2021,https://doi.org/10.1016/j.seppur.2020.117796
824,zeolite,SSZ-13 ,3.0,0.372,0.0,303.0,200000.0,330.0,44.01,2.507,6551.4788059055,fig 7,AYDANI A et al 2021,https://doi.org/10.1016/j.seppur.2020.117796
825,zeolite,SSZ-13 ,3.0,0.372,0.0,303.0,400000.0,330.0,44.01,2.507,5350.28957315632,fig 7,AYDANI A et al 2021,https://doi.org/10.1016/j.seppur.2020.117796
826,zeolite,SSZ-13 ,3.0,0.372,0.0,303.0,600000.0,330.0,44.01,2.507,4751.30961460043,fig 7,AYDANI A et al 2021,https://doi.org/10.1016/j.seppur.2020.117796
845,zeolite,GO size of 40-50,0.9,,0.0,298.0,100000.0,330.0,44.01,2.507,11.8873814202,table S1,WU X et al 2022,https://doi.org/10.1016/j.memsci.2022.120291
846,zeolite,GO size of 20-30,0.9,,0.0,298.0,100000.0,330.0,44.01,2.507,36.038667654,table S1,WU X et al 2022,https://doi.org/10.1016/j.memsci.2022.120291
847,zeolite,GO size of 3-5,0.8,,0.0,298.0,100000.0,330.0,44.01,2.507,88.45311464,table S1,WU X et al 2022,https://doi.org/10.1016/j.memsci.2022.120291
851,zeolite,M3,0.9,,0.0,298.0,100000.0,330.0,44.01,2.507,712.70499465,table S2,WU X et al 2022,https://doi.org/10.1016/j.memsci.2022.120291
852,zeolite,M4,0.5,,0.0,298.0,100000.0,330.0,44.01,2.507,143.13865511,table S2,WU X et al 2022,https://doi.org/10.1016/j.memsci.2022.120291
853,zeolite,M5,0.9,,0.0,298.0,100000.0,330.0,44.01,2.507,169.43552703,table S2,WU X et al 2022,https://doi.org/10.1016/j.memsci.2022.120291
858,zeolite,ZnEG Content X=40,0.7,,0.0,298.0,100000.0,330.0,44.01,2.507,111.22757619871, fig 4,WU X et al 2022,https://doi.org/10.1016/j.memsci.2022.120291
859,zeolite,ZnEG Content X=80,0.8,,0.0,298.0,100000.0,330.0,44.01,2.507,27.7572141875142, fig 4,WU X et al 2022,https://doi.org/10.1016/j.memsci.2022.120291
860,zeolite,ZnEG Content X=100,0.9,,0.0,298.0,100000.0,330.0,44.01,2.507,24.7648206378276, fig 4,WU X et al 2022,https://doi.org/10.1016/j.memsci.2022.120291
861,zeolite,ZnEG Content X=150,2.0,,0.0,298.0,100000.0,330.0,44.01,2.507,90.0495538698742, fig 4,WU X et al 2022,https://doi.org/10.1016/j.memsci.2022.120291
866,zeolite,reaction time = 0h,0.9,,0.0,298.0,100000.0,330.0,44.01,2.507,506.961247663457, fig 6,WU X et al 2022,https://doi.org/10.1016/j.memsci.2022.120291
867,zeolite,reaction time = 2h,0.9,,0.0,298.0,100000.0,330.0,44.01,2.507,166.382412539019, fig 6,WU X et al 2022,https://doi.org/10.1016/j.memsci.2022.120291
868,zeolite,reaction time = 4h,0.9,,0.0,298.0,100000.0,330.0,44.01,2.507,48.7520648210417, fig 6,WU X et al 2022,https://doi.org/10.1016/j.memsci.2022.120291
869,zeolite,reaction time = 12h,0.9,,0.0,298.0,100000.0,330.0,44.01,2.507,56.5798787369624, fig 6,WU X et al 2022,https://doi.org/10.1016/j.memsci.2022.120291
874,zeolite,filtration time = 3s,0.5,,0.0,298.0,100000.0,330.0,44.01,2.507,22.7019228721628, fig 8,WU X et al 2022,https://doi.org/10.1016/j.memsci.2022.120291
875,zeolite,filtration time = 10s,1.5,,0.0,298.0,100000.0,330.0,44.01,2.507,8.67379130496951, fig 8,WU X et al 2022,https://doi.org/10.1016/j.memsci.2022.120291
876,zeolite,filtration time = 15s,2.0,,0.0,298.0,100000.0,330.0,44.01,2.507,13.7158227902029, fig 8,WU X et al 2022,https://doi.org/10.1016/j.memsci.2022.120291
877,zeolite,filtration time = 20s,2.5,,0.0,298.0,100000.0,330.0,44.01,2.507,42.0663111850851, fig 8,WU X et al 2022,https://doi.org/10.1016/j.memsci.2022.120291
924,zeolite,unmodified MFI-type,7.0,0.58,0.0,773.0,200000.0,330.0,44.01,2.507,589.738859680705,fig 5,KANEZASHI M and LI YS 2009,https://doi.org/10.1021/jp804586q
925,zeolite,unmodified MFI-type,7.0,0.58,0.0,673.0,200000.0,330.0,44.01,2.507,525.791272486413,fig 5,KANEZASHI M and LI YS 2009,https://doi.org/10.1021/jp804586q
926,zeolite,unmodified MFI-type,7.0,0.58,0.0,573.0,200000.0,330.0,44.01,2.507,667.897021807064,fig 5,KANEZASHI M and LI YS 2009,https://doi.org/10.1021/jp804586q
927,zeolite,unmodified MFI-type,7.0,0.58,0.0,473.0,200000.0,330.0,44.01,2.507,859.739783389946,fig 5,KANEZASHI M and LI YS 2009,https://doi.org/10.1021/jp804586q
928,zeolite,unmodified MFI-type,7.0,0.58,0.0,373.0,200000.0,330.0,44.01,2.507,1172.37243189538,fig 5,KANEZASHI M and LI YS 2009,https://doi.org/10.1021/jp804586q
929,zeolite,unmodified MFI-type,7.0,0.58,0.0,298.0,200000.0,330.0,44.01,2.507,1811.84830383831,fig 5,KANEZASHI M and LI YS 2009,https://doi.org/10.1021/jp804586q
28,polymer,PI-0.25,50.0,,0.0,308.0,199000.0,346.0,31.98,1.562,37.0,table 2,XIE W et al 2022,https://doi.org/10.1016/j.seppur.2021.120091
29,polymer,PI-0.50,50.0,,0.0,308.0,199000.0,346.0,31.98,1.562,22.0,table 2,XIE W et al 2022,https://doi.org/10.1016/j.seppur.2021.120091
30,polymer,PI-0.75,50.0,,0.0,308.0,199000.0,346.0,31.98,1.562,14.0,table 2,XIE W et al 2022,https://doi.org/10.1016/j.seppur.2021.120091
31,polymer,PI-1.00,50.0,,0.0,308.0,199000.0,346.0,31.98,1.562,4.8,table 2,XIE W et al 2022,https://doi.org/10.1016/j.seppur.2021.120091
32,polymer,IPI-0.25,50.0,,0.0,308.0,199000.0,346.0,31.98,1.562,35.0,table 2,XIE W et al 2022,https://doi.org/10.1016/j.seppur.2021.120091
33,polymer,IPI-0.50,50.0,,0.0,308.0,199000.0,346.0,31.98,1.562,8.5,table 2,XIE W et al 2022,https://doi.org/10.1016/j.seppur.2021.120091
34,polymer,IPI-0.75,50.0,,0.0,308.0,199000.0,346.0,31.98,1.562,2.6,table 2,XIE W et al 2022,https://doi.org/10.1016/j.seppur.2021.120091
35,polymer,IPI-1.00,50.0,,0.0,308.0,199000.0,346.0,31.98,1.562,0.46,table 2,XIE W et al 2022,https://doi.org/10.1016/j.seppur.2021.120091
300,polymer,untreated,90.0,,0.0,298.0,100000.0,346.0,31.98,1.562,742.0,table 1,BERNARDO P et al 2017,http://dx.doi.org/10.1016/j.polymer.2016.10.040
301,polymer,EtOH_25 treaded,110.0,,0.0,298.0,100000.0,346.0,31.98,1.562,2200.0,table 1,BERNARDO P et al 2017,http://dx.doi.org/10.1016/j.polymer.2016.10.040
302,polymer,EtOH_25 treaded,110.0,,1200.0,298.0,100000.0,346.0,31.98,1.562,600.0,table 1,BERNARDO P et al 2017,http://dx.doi.org/10.1016/j.polymer.2016.10.040
310,polymer,EtOH_100 treaded,125.4,,2117.0,298.0,100000.0,346.0,31.98,1.562,665.0,table S1,BERNARDO P et al 2017,http://dx.doi.org/10.1016/j.polymer.2016.10.040
381,polymer,untreated,90.0,,4.03483,298.0,100000.0,346.0,31.98,1.562,684.4334,fig 2,BERNARDO P et al 2017,http://dx.doi.org/10.1016/j.polymer.2016.10.040
382,polymer,untreated,90.0,,37.73106,298.0,100000.0,346.0,31.98,1.562,676.9041,fig 2,BERNARDO P et al 2017,http://dx.doi.org/10.1016/j.polymer.2016.10.040
383,polymer,untreated,90.0,,248.9525,298.0,100000.0,346.0,31.98,1.562,629.6693,fig 2,BERNARDO P et al 2017,http://dx.doi.org/10.1016/j.polymer.2016.10.040
384,polymer,EtOH_25 treaded,110.0,,7.024282,298.0,100000.0,346.0,31.98,1.562,1589.161,fig 2,BERNARDO P et al 2017,http://dx.doi.org/10.1016/j.polymer.2016.10.040
385,polymer,EtOH_25 treaded,110.0,,63.37847,298.0,100000.0,346.0,31.98,1.562,1121.251,fig 2,BERNARDO P et al 2017,http://dx.doi.org/10.1016/j.polymer.2016.10.040
386,polymer,EtOH_25 treaded,110.0,,576.9857,298.0,100000.0,346.0,31.98,1.562,697.3034,fig 2,BERNARDO P et al 2017,http://dx.doi.org/10.1016/j.polymer.2016.10.040
387,polymer,EtOH_75 treaded,110.9054,,2.796417,298.0,100000.0,346.0,31.98,1.562,1173.449,fig 2,BERNARDO P et al 2017,http://dx.doi.org/10.1016/j.polymer.2016.10.040
388,polymer,EtOH_75 treaded,110.9054,,27.59159,298.0,100000.0,346.0,31.98,1.562,968.5745,fig 2,BERNARDO P et al 2017,http://dx.doi.org/10.1016/j.polymer.2016.10.040
389,polymer,EtOH_75 treaded,110.9054,,133.1287,298.0,100000.0,346.0,31.98,1.562,757.2046,fig 2,BERNARDO P et al 2017,http://dx.doi.org/10.1016/j.polymer.2016.10.040
390,polymer,EtOH_125 treaded,132.508,,3.998911,298.0,100000.0,346.0,31.98,1.562,877.9722,fig 2,BERNARDO P et al 2017,http://dx.doi.org/10.1016/j.polymer.2016.10.040
391,polymer,EtOH_125 treaded,132.508,,29.11238,298.0,100000.0,346.0,31.98,1.562,850.8013,fig 2,BERNARDO P et al 2017,http://dx.doi.org/10.1016/j.polymer.2016.10.040
392,polymer,EtOH_125 treaded,132.508,,188.681,298.0,100000.0,346.0,31.98,1.562,741.7683,fig 2,BERNARDO P et al 2017,http://dx.doi.org/10.1016/j.polymer.2016.10.040
36,polymer,PI-0.25,50.0,,0.0,308.0,199000.0,364.0,28.0,1.71,9.0,table 2,XIE W et al 2022,https://doi.org/10.1016/j.seppur.2021.120091
37,polymer,PI-0.50,50.0,,0.0,308.0,199000.0,364.0,28.0,1.71,5.0,table 2,XIE W et al 2022,https://doi.org/10.1016/j.seppur.2021.120091
38,polymer,PI-0.75,50.0,,0.0,308.0,199000.0,364.0,28.0,1.71,2.8,table 2,XIE W et al 2022,https://doi.org/10.1016/j.seppur.2021.120091
39,polymer,PI-1.00,50.0,,0.0,308.0,199000.0,364.0,28.0,1.71,0.9,table 2,XIE W et al 2022,https://doi.org/10.1016/j.seppur.2021.120091
40,polymer,IPI-0.25,50.0,,0.0,308.0,199000.0,364.0,28.0,1.71,7.8,table 2,XIE W et al 2022,https://doi.org/10.1016/j.seppur.2021.120091
41,polymer,IPI-0.50,50.0,,0.0,308.0,199000.0,364.0,28.0,1.71,1.5,table 2,XIE W et al 2022,https://doi.org/10.1016/j.seppur.2021.120091
42,polymer,IPI-0.75,50.0,,0.0,308.0,199000.0,364.0,28.0,1.71,0.4,table 2,XIE W et al 2022,https://doi.org/10.1016/j.seppur.2021.120091
43,polymer,IPI-1.00,50.0,,0.0,308.0,199000.0,364.0,28.0,1.71,0.06,table 2,XIE W et al 2022,https://doi.org/10.1016/j.seppur.2021.120091
108,zeolite,O3at473K,1.2,0.38,0.0,298.0,200000.0,364.0,28.0,1.71,3251.95274411765,fig 8a,LI Y et al 2021,https://doi.org/10.1016/j.memsci.2021.119349
109,zeolite,O3at473K,1.2,0.38,0.0,323.0,200000.0,364.0,28.0,1.71,2276.36692088235,fig 8a,LI Y et al 2021,https://doi.org/10.1016/j.memsci.2021.119349
110,zeolite,O3at473K,1.2,0.38,0.0,348.0,200000.0,364.0,28.0,1.71,1819.33572441176,fig 8a,LI Y et al 2021,https://doi.org/10.1016/j.memsci.2021.119349
111,zeolite,O3at473K,1.2,0.38,0.0,373.0,200000.0,364.0,28.0,1.71,1476.56232705882,fig 8a,LI Y et al 2021,https://doi.org/10.1016/j.memsci.2021.119349
112,zeolite,O3at473K,1.2,0.38,0.0,398.0,200000.0,364.0,28.0,1.71,1190.91782926471,fig 8a,LI Y et al 2021,https://doi.org/10.1016/j.memsci.2021.119349
118,zeolite,O3at473K,1.2,0.38,0.0,298.0,400000.0,364.0,28.0,1.71,2818.67576783784,fig 8b,LI Y et al 2021,https://doi.org/10.1016/j.memsci.2021.119349
119,zeolite,O3at473K,1.2,0.38,0.0,298.0,600000.0,364.0,28.0,1.71,2798.48468067567,fig 8b,LI Y et al 2021,https://doi.org/10.1016/j.memsci.2021.119349
120,zeolite,O3at473K,1.2,0.38,0.0,298.0,800000.0,364.0,28.0,1.71,2766.17894121621,fig 8b,LI Y et al 2021,https://doi.org/10.1016/j.memsci.2021.119349
121,zeolite,O3at473K,1.2,0.38,0.0,298.0,1000000.0,364.0,28.0,1.71,2725.79676689189,fig 8b,LI Y et al 2021,https://doi.org/10.1016/j.memsci.2021.119349
291,polymer,untreated,90.0,,0.0,298.0,100000.0,364.0,28.0,1.71,280.0,table 1,BERNARDO P et al 2017,http://dx.doi.org/10.1016/j.polymer.2016.10.040
292,polymer,EtOH_25 treaded,110.0,,0.0,298.0,100000.0,364.0,28.0,1.71,857.0,table 1,BERNARDO P et al 2017,http://dx.doi.org/10.1016/j.polymer.2016.10.040
293,polymer,EtOH_25 treaded,110.0,,1200.0,298.0,100000.0,364.0,28.0,1.71,125.0,table 1,BERNARDO P et al 2017,http://dx.doi.org/10.1016/j.polymer.2016.10.040
309,polymer,EtOH_100 treaded,125.4,,2117.0,298.0,100000.0,364.0,28.0,1.71,148.0,table S1,BERNARDO P et al 2017,http://dx.doi.org/10.1016/j.polymer.2016.10.040
369,polymer,untreated,90.0,,4.015134,298.0,100000.0,364.0,28.0,1.71,198.7099,fig 2,BERNARDO P et al 2017,http://dx.doi.org/10.1016/j.polymer.2016.10.040
370,polymer,untreated,90.0,,37.79288,298.0,100000.0,364.0,28.0,1.71,186.2214,fig 2,BERNARDO P et al 2017,http://dx.doi.org/10.1016/j.polymer.2016.10.040
371,polymer,untreated,90.0,,248.4999,298.0,100000.0,364.0,28.0,1.71,144.623,fig 2,BERNARDO P et al 2017,http://dx.doi.org/10.1016/j.polymer.2016.10.040
372,polymer,EtOH_25 treaded,110.0,,7.001323,298.0,100000.0,364.0,28.0,1.71,506.6963,fig 2,BERNARDO P et al 2017,http://dx.doi.org/10.1016/j.polymer.2016.10.040
373,polymer,EtOH_25 treaded,110.0,,63.01091,298.0,100000.0,364.0,28.0,1.71,285.4234,fig 2,BERNARDO P et al 2017,http://dx.doi.org/10.1016/j.polymer.2016.10.040
374,polymer,EtOH_25 treaded,110.0,,346.2863,298.0,100000.0,364.0,28.0,1.71,162.992,fig 2,BERNARDO P et al 2017,http://dx.doi.org/10.1016/j.polymer.2016.10.040
375,polymer,EtOH_75 treaded,110.9054,,2.779788,298.0,100000.0,364.0,28.0,1.71,440.4706,fig 2,BERNARDO P et al 2017,http://dx.doi.org/10.1016/j.polymer.2016.10.040
376,polymer,EtOH_75 treaded,110.9054,,64.1513,298.0,100000.0,364.0,28.0,1.71,215.6889,fig 2,BERNARDO P et al 2017,http://dx.doi.org/10.1016/j.polymer.2016.10.040
377,polymer,EtOH_75 treaded,110.9054,,186.5054,298.0,100000.0,364.0,28.0,1.71,170.977,fig 2,BERNARDO P et al 2017,http://dx.doi.org/10.1016/j.polymer.2016.10.040
378,polymer,EtOH_125 treaded,132.508,,4.015134,298.0,100000.0,364.0,28.0,1.71,318.3958,fig 2,BERNARDO P et al 2017,http://dx.doi.org/10.1016/j.polymer.2016.10.040
379,polymer,EtOH_125 treaded,132.508,,64.1513,298.0,100000.0,364.0,28.0,1.71,242.2551,fig 2,BERNARDO P et al 2017,http://dx.doi.org/10.1016/j.polymer.2016.10.040
380,polymer,EtOH_125 treaded,132.508,,188.1855,298.0,100000.0,364.0,28.0,1.71,212.0359,fig 2,BERNARDO P et al 2017,http://dx.doi.org/10.1016/j.polymer.2016.10.040
438,polymer,6FDA-DAM,55.0,1.2,0.0,308.0,90000.0,364.0,28.0,1.71,64.9623635008465,fig S5a,BACHMAN et al 2016,https://doi.org/10.1038/nmat4621
439,polymer,6FDA-DAM,55.0,1.2,0.0,308.0,470000.0,364.0,28.0,1.71,62.2607391950835,fig S5a,BACHMAN et al 2016,https://doi.org/10.1038/nmat4621
440,polymer,6FDA-DAM,55.0,1.2,0.0,308.0,960000.0,364.0,28.0,1.71,59.1709482352197,fig S5a,BACHMAN et al 2016,https://doi.org/10.1038/nmat4621
441,polymer,6FDA-DAM,55.0,1.2,0.0,308.0,1450000.0,364.0,28.0,1.71,57.1810550952797,fig S5a,BACHMAN et al 2016,https://doi.org/10.1038/nmat4621
442,polymer,6FDA-DAM,55.0,1.2,0.0,308.0,1950000.0,364.0,28.0,1.71,55.9461297710459,fig S5a,BACHMAN et al 2016,https://doi.org/10.1038/nmat4621
443,polymer,6FDA-DAM,55.0,1.2,0.0,308.0,2430000.0,364.0,28.0,1.71,54.4444840061681,fig S5a,BACHMAN et al 2016,https://doi.org/10.1038/nmat4621
444,polymer,6FDA-DAM,55.0,1.2,0.0,308.0,2910000.0,364.0,28.0,1.71,53.7657532727803,fig S5a,BACHMAN et al 2016,https://doi.org/10.1038/nmat4621
445,polymer,6FDA-DAM,55.0,1.2,0.0,308.0,3410000.0,364.0,28.0,1.71,52.7804369204784,fig S5a,BACHMAN et al 2016,https://doi.org/10.1038/nmat4621
446,polymer,6FDA-DAM,55.0,1.2,0.0,308.0,3890000.0,364.0,28.0,1.71,51.9225915100208,fig S5a,BACHMAN et al 2016,https://doi.org/10.1038/nmat4621
447,polymer,6FDA-DAM,55.0,1.2,0.0,308.0,4320000.0,364.0,28.0,1.71,51.272400266865,fig S5a,BACHMAN et al 2016,https://doi.org/10.1038/nmat4621
448,polymer,6FDA-DAM,55.0,1.2,0.0,308.0,4880000.0,364.0,28.0,1.71,49.9658174965865,fig S5a,BACHMAN et al 2016,https://doi.org/10.1038/nmat4621
449,polymer,6FDA-DAM,55.0,1.2,0.0,308.0,5360000.0,364.0,28.0,1.71,49.3401488292293,fig S5a,BACHMAN et al 2016,https://doi.org/10.1038/nmat4621
450,polymer,6FDA-DAM,55.0,1.2,0.0,308.0,5860000.0,364.0,28.0,1.71,48.8885303500352,fig S5a,BACHMAN et al 2016,https://doi.org/10.1038/nmat4621
451,polymer,6FDA-DAM,55.0,1.2,0.0,308.0,6330000.0,364.0,28.0,1.71,47.9388031840728,fig S5a,BACHMAN et al 2016,https://doi.org/10.1038/nmat4621
452,MMM,6wt_Ni2(dobdc),55.0,1.2,0.0,308.0,100000.0,364.0,28.0,1.71,75.6143928214666,fig S5d,BACHMAN et al 2016,https://doi.org/10.1038/nmat4621
453,MMM,6wt_Ni2(dobdc),55.0,1.2,0.0,308.0,480000.0,364.0,28.0,1.71,70.410485785486,fig S5d,BACHMAN et al 2016,https://doi.org/10.1038/nmat4621
454,MMM,6wt_Ni2(dobdc),55.0,1.2,0.0,308.0,970000.0,364.0,28.0,1.71,67.3975901815168,fig S5d,BACHMAN et al 2016,https://doi.org/10.1038/nmat4621
455,MMM,6wt_Ni2(dobdc),55.0,1.2,0.0,308.0,1460000.0,364.0,28.0,1.71,65.717091685394,fig S5d,BACHMAN et al 2016,https://doi.org/10.1038/nmat4621
456,MMM,6wt_Ni2(dobdc),55.0,1.2,0.0,308.0,1940000.0,364.0,28.0,1.71,64.5444823381227,fig S5d,BACHMAN et al 2016,https://doi.org/10.1038/nmat4621
457,MMM,6wt_Ni2(dobdc),55.0,1.2,0.0,308.0,2440000.0,364.0,28.0,1.71,62.7497361574255,fig S5d,BACHMAN et al 2016,https://doi.org/10.1038/nmat4621
458,MMM,6wt_Ni2(dobdc),55.0,1.2,0.0,308.0,2930000.0,364.0,28.0,1.71,59.2725414835898,fig S5d,BACHMAN et al 2016,https://doi.org/10.1038/nmat4621
459,MMM,6wt_Ni2(dobdc),55.0,1.2,0.0,308.0,3420000.0,364.0,28.0,1.71,60.5571095152746,fig S5d,BACHMAN et al 2016,https://doi.org/10.1038/nmat4621
460,MMM,6wt_Ni2(dobdc),55.0,1.2,0.0,308.0,3960000.0,364.0,28.0,1.71,59.483843891373,fig S5d,BACHMAN et al 2016,https://doi.org/10.1038/nmat4621
461,MMM,6wt_Ni2(dobdc),55.0,1.2,0.0,308.0,4410000.0,364.0,28.0,1.71,59.0734415747587,fig S5d,BACHMAN et al 2016,https://doi.org/10.1038/nmat4621
462,MMM,6wt_Ni2(dobdc),55.0,1.2,0.0,308.0,4890000.0,364.0,28.0,1.71,57.9757181075633,fig S5d,BACHMAN et al 2016,https://doi.org/10.1038/nmat4621
463,MMM,6wt_Ni2(dobdc),55.0,1.2,0.0,308.0,5360000.0,364.0,28.0,1.71,56.8882665148392,fig S5d,BACHMAN et al 2016,https://doi.org/10.1038/nmat4621
464,MMM,6wt_Ni2(dobdc),55.0,1.2,0.0,308.0,5860000.0,364.0,28.0,1.71,56.0128504195012,fig S5d,BACHMAN et al 2016,https://doi.org/10.1038/nmat4621
465,MMM,6wt_Ni2(dobdc),55.0,1.2,0.0,308.0,6350000.0,364.0,28.0,1.71,55.1529297528228,fig S5d,BACHMAN et al 2016,https://doi.org/10.1038/nmat4621
466,MMM,25wt_Ni2(dobdc),55.0,1.2,0.0,308.0,540000.0,364.0,28.0,1.71,229.74079948599,fig S5e,BACHMAN et al 2016,https://doi.org/10.1038/nmat4621
467,MMM,25wt_Ni2(dobdc),55.0,1.2,0.0,308.0,1070000.0,364.0,28.0,1.71,177.336188322779,fig S5e,BACHMAN et al 2016,https://doi.org/10.1038/nmat4621
468,MMM,25wt_Ni2(dobdc),55.0,1.2,0.0,308.0,1540000.0,364.0,28.0,1.71,157.579840807438,fig S5e,BACHMAN et al 2016,https://doi.org/10.1038/nmat4621
469,MMM,25wt_Ni2(dobdc),55.0,1.2,0.0,308.0,2040000.0,364.0,28.0,1.71,146.434194974584,fig S5e,BACHMAN et al 2016,https://doi.org/10.1038/nmat4621
470,MMM,25wt_Ni2(dobdc),55.0,1.2,0.0,308.0,2540000.0,364.0,28.0,1.71,139.474451888971,fig S5e,BACHMAN et al 2016,https://doi.org/10.1038/nmat4621
471,MMM,25wt_Ni2(dobdc),55.0,1.2,0.0,308.0,3000000.0,364.0,28.0,1.71,133.409754759255,fig S5e,BACHMAN et al 2016,https://doi.org/10.1038/nmat4621
472,MMM,25wt_Ni2(dobdc),55.0,1.2,0.0,308.0,3500000.0,364.0,28.0,1.71,128.860342296399,fig S5e,BACHMAN et al 2016,https://doi.org/10.1038/nmat4621
473,MMM,25wt_Ni2(dobdc),55.0,1.2,0.0,308.0,4040000.0,364.0,28.0,1.71,125.189820730174,fig S5e,BACHMAN et al 2016,https://doi.org/10.1038/nmat4621
474,MMM,25wt_Ni2(dobdc),55.0,1.2,0.0,308.0,4520000.0,364.0,28.0,1.71,121.601596808278,fig S5e,BACHMAN et al 2016,https://doi.org/10.1038/nmat4621
475,MMM,25wt_Ni2(dobdc),55.0,1.2,0.0,308.0,5030000.0,364.0,28.0,1.71,118.887769981356,fig S5e,BACHMAN et al 2016,https://doi.org/10.1038/nmat4621
476,MMM,25wt_Ni2(dobdc),55.0,1.2,0.0,308.0,5490000.0,364.0,28.0,1.71,116.250287519273,fig S5e,BACHMAN et al 2016,https://doi.org/10.1038/nmat4621
477,MMM,25wt_Ni2(dobdc),55.0,1.2,0.0,308.0,5970000.0,364.0,28.0,1.71,113.025336761905,fig S5e,BACHMAN et al 2016,https://doi.org/10.1038/nmat4621
728,MMM,SAPO-34/PEI,1.0,,0.0,303.0,100000.0,364.0,28.0,1.71,0.029882809,fig 7,MESSAOUD AB et al 2015,http://dx.doi.org/10.1016/j.seppur.2015.04.017
793,zeolite,SSZ-13 ,3.0,0.372,0.0,303.0,100000.0,364.0,28.0,1.71,468.670142763636,fig 4,AYDANI A et al 2021,https://doi.org/10.1016/j.seppur.2020.117796
794,zeolite,SSZ-13 ,3.0,0.372,0.0,323.0,100000.0,364.0,28.0,1.71,487.272998201979,fig 4,AYDANI A et al 2021,https://doi.org/10.1016/j.seppur.2020.117796
795,zeolite,SSZ-13 ,3.0,0.372,0.0,353.0,100000.0,364.0,28.0,1.71,503.804885328195,fig 4,AYDANI A et al 2021,https://doi.org/10.1016/j.seppur.2020.117796
805,zeolite,SSZ-13 ,3.0,0.372,0.0,303.0,500000.0,364.0,28.0,1.71,438.993734325399,fig 4,AYDANI A et al 2021,https://doi.org/10.1016/j.seppur.2020.117796
806,zeolite,SSZ-13 ,3.0,0.372,0.0,323.0,500000.0,364.0,28.0,1.71,448.867701723606,fig 4,AYDANI A et al 2021,https://doi.org/10.1016/j.seppur.2020.117796
807,zeolite,SSZ-13 ,3.0,0.372,0.0,353.0,500000.0,364.0,28.0,1.71,485.208484576596,fig 4,AYDANI A et al 2021,https://doi.org/10.1016/j.seppur.2020.117796
816,zeolite,SSZ-13 ,3.0,0.372,0.0,303.0,300000.0,364.0,28.0,1.71,437.234832187659,fig 8,AYDANI A et al 2021,https://doi.org/10.1016/j.seppur.2020.117796
832,zeolite,SSZ-13 ,3.0,0.372,0.0,303.0,200000.0,364.0,28.0,1.71,463.866780044976,fig 6,AYDANI A et al 2021,https://doi.org/10.1016/j.seppur.2020.117796
833,zeolite,SSZ-13 ,3.0,0.372,0.0,303.0,400000.0,364.0,28.0,1.71,438.715644904845,fig 6,AYDANI A et al 2021,https://doi.org/10.1016/j.seppur.2020.117796
834,zeolite,SSZ-13 ,3.0,0.372,0.0,303.0,600000.0,364.0,28.0,1.71,437.189739028878,fig 6,AYDANI A et al 2021,https://doi.org/10.1016/j.seppur.2020.117796
840,zeolite,M1,0.9,,0.0,298.0,100000.0,364.0,28.0,1.71,32.9368644333053,fig 2,WU X et al 2022,https://doi.org/10.1016/j.memsci.2022.120291
918,zeolite,unmodified MFI-type,7.0,0.58,0.0,773.0,200000.0,376.0,28.01,1.953,717.634034069291,fig 5,KANEZASHI M and LI YS 2009,https://doi.org/10.1021/jp804586q
919,zeolite,unmodified MFI-type,7.0,0.58,0.0,673.0,200000.0,376.0,28.01,1.953,781.581621263585,fig 5,KANEZASHI M and LI YS 2009,https://doi.org/10.1021/jp804586q
920,zeolite,unmodified MFI-type,7.0,0.58,0.0,573.0,200000.0,376.0,28.01,1.953,852.634495923911,fig 5,KANEZASHI M and LI YS 2009,https://doi.org/10.1021/jp804586q
921,zeolite,unmodified MFI-type,7.0,0.58,0.0,473.0,200000.0,376.0,28.01,1.953,945.003232982335,fig 5,KANEZASHI M and LI YS 2009,https://doi.org/10.1021/jp804586q
922,zeolite,unmodified MFI-type,7.0,0.58,0.0,373.0,200000.0,376.0,28.01,1.953,1207.89886922554,fig 5,KANEZASHI M and LI YS 2009,https://doi.org/10.1021/jp804586q
923,zeolite,unmodified MFI-type,7.0,0.58,0.0,298.0,200000.0,376.0,28.01,1.953,1335.79404361413,fig 5,KANEZASHI M and LI YS 2009,https://doi.org/10.1021/jp804586q
942,zeolite,counter-diffusion modified,7.0,0.58,0.0,773.0,200000.0,376.0,28.01,1.953,440.838230118605,fig 7,KANEZASHI M and LI YS 2009,https://doi.org/10.1021/jp804586q
943,zeolite,counter-diffusion modified,7.0,0.58,0.0,673.0,200000.0,376.0,28.01,1.953,430.363455463722,fig 7,KANEZASHI M and LI YS 2009,https://doi.org/10.1021/jp804586q
944,zeolite,counter-diffusion modified,7.0,0.58,0.0,573.0,200000.0,376.0,28.01,1.953,446.170839136111,fig 7,KANEZASHI M and LI YS 2009,https://doi.org/10.1021/jp804586q
945,zeolite,counter-diffusion modified,7.0,0.58,0.0,473.0,200000.0,376.0,28.01,1.953,485.349634637772,fig 7,KANEZASHI M and LI YS 2009,https://doi.org/10.1021/jp804586q
946,zeolite,counter-diffusion modified,7.0,0.58,0.0,373.0,200000.0,376.0,28.01,1.953,503.176677786005,fig 7,KANEZASHI M and LI YS 2009,https://doi.org/10.1021/jp804586q
947,zeolite,counter-diffusion modified,7.0,0.58,0.0,323.0,200000.0,376.0,28.01,1.953,515.423680277707,fig 7,KANEZASHI M and LI YS 2009,https://doi.org/10.1021/jp804586q
963,zeolite,one-side modified,7.0,0.58,0.0,773.0,200000.0,376.0,28.01,1.953,5.02350991610763,fig 10,KANEZASHI M and LI YS 2009,https://doi.org/10.1021/jp804586q
964,zeolite,one-side modified,7.0,0.58,0.0,673.0,200000.0,376.0,28.01,1.953,3.9236493719408,fig 10,KANEZASHI M and LI YS 2009,https://doi.org/10.1021/jp804586q
965,zeolite,one-side modified,7.0,0.58,0.0,573.0,200000.0,376.0,28.01,1.953,3.06459520355838,fig 10,KANEZASHI M and LI YS 2009,https://doi.org/10.1021/jp804586q
44,polymer,PI-0.25,50.0,,0.0,308.0,199000.0,380.0,16.04,2.448,6.0,table 2,XIE W et al 2022,https://doi.org/10.1016/j.seppur.2021.120091
45,polymer,PI-0.50,50.0,,0.0,308.0,199000.0,380.0,16.04,2.448,3.0,table 2,XIE W et al 2022,https://doi.org/10.1016/j.seppur.2021.120091
46,polymer,PI-0.75,50.0,,0.0,308.0,199000.0,380.0,16.04,2.448,1.5,table 2,XIE W et al 2022,https://doi.org/10.1016/j.seppur.2021.120091
47,polymer,PI-1.00,50.0,,0.0,308.0,199000.0,380.0,16.04,2.448,0.44,table 2,XIE W et al 2022,https://doi.org/10.1016/j.seppur.2021.120091
48,polymer,IPI-0.25,50.0,,0.0,308.0,199000.0,380.0,16.04,2.448,5.3,table 2,XIE W et al 2022,https://doi.org/10.1016/j.seppur.2021.120091
49,polymer,IPI-0.50,50.0,,0.0,308.0,199000.0,380.0,16.04,2.448,0.97,table 2,XIE W et al 2022,https://doi.org/10.1016/j.seppur.2021.120091
50,polymer,IPI-0.75,50.0,,0.0,308.0,199000.0,380.0,16.04,2.448,0.25,table 2,XIE W et al 2022,https://doi.org/10.1016/j.seppur.2021.120091
51,polymer,IPI-1.00,50.0,,0.0,308.0,199000.0,380.0,16.04,2.448,0.03,table 2,XIE W et al 2022,https://doi.org/10.1016/j.seppur.2021.120091
113,zeolite,O3at473K,1.2,0.38,0.0,298.0,200000.0,380.0,16.04,2.448,197.753883088236,fig 8a,LI Y et al 2021,https://doi.org/10.1016/j.memsci.2021.119349
114,zeolite,O3at473K,1.2,0.38,0.0,323.0,200000.0,380.0,16.04,2.448,180.175760147059,fig 8a,LI Y et al 2021,https://doi.org/10.1016/j.memsci.2021.119349
115,zeolite,O3at473K,1.2,0.38,0.0,348.0,200000.0,380.0,16.04,2.448,171.38669867647,fig 8a,LI Y et al 2021,https://doi.org/10.1016/j.memsci.2021.119349
116,zeolite,O3at473K,1.2,0.38,0.0,373.0,200000.0,380.0,16.04,2.448,166.992167941177,fig 8a,LI Y et al 2021,https://doi.org/10.1016/j.memsci.2021.119349
117,zeolite,O3at473K,1.2,0.38,0.0,398.0,200000.0,380.0,16.04,2.448,162.597637205882,fig 8a,LI Y et al 2021,https://doi.org/10.1016/j.memsci.2021.119349
122,zeolite,O3at473K,1.2,0.38,0.0,298.0,400000.0,380.0,16.04,2.448,197.872654189187,fig 8b,LI Y et al 2021,https://doi.org/10.1016/j.memsci.2021.119349
123,zeolite,O3at473K,1.2,0.38,0.0,298.0,600000.0,380.0,16.04,2.448,197.872654189186,fig 8b,LI Y et al 2021,https://doi.org/10.1016/j.memsci.2021.119349
124,zeolite,O3at473K,1.2,0.38,0.0,298.0,800000.0,380.0,16.04,2.448,197.872654189188,fig 8b,LI Y et al 2021,https://doi.org/10.1016/j.memsci.2021.119349
125,zeolite,O3at473K,1.2,0.38,0.0,298.0,1000000.0,380.0,16.04,2.448,205.949089054054,fig 8b,LI Y et al 2021,https://doi.org/10.1016/j.memsci.2021.119349
179,polymer,Neat PIM-1,74.2,,620.0,293.0,20000.0,380.0,16.04,2.448,172.0,table 1,AMEEN AW et al 2021,https://doi.org/10.1016/j.memsci.2021.119527
181,MMM,BNNS/PIM-1,72.2,,620.0,293.0,20000.0,380.0,16.04,2.448,410.0,table 1,AMEEN AW et al 2021,https://doi.org/10.1016/j.memsci.2021.119527
183,MMM,BNNS/PIM-1,72.5,,620.0,293.0,20000.0,380.0,16.04,2.448,278.0,table 1,AMEEN AW et al 2021,https://doi.org/10.1016/j.memsci.2021.119527
303,polymer,untreated,90.0,,0.0,298.0,100000.0,380.0,16.04,2.448,410.0,table 1,BERNARDO P et al 2017,http://dx.doi.org/10.1016/j.polymer.2016.10.040
304,polymer,EtOH_25 treaded,110.0,,0.0,298.0,100000.0,380.0,16.04,2.448,1150.0,table 1,BERNARDO P et al 2017,http://dx.doi.org/10.1016/j.polymer.2016.10.040
305,polymer,EtOH_25 treaded,110.0,,1200.0,298.0,100000.0,380.0,16.04,2.448,159.0,table 1,BERNARDO P et al 2017,http://dx.doi.org/10.1016/j.polymer.2016.10.040
312,polymer,EtOH_100 treaded,125.4,,2117.0,298.0,100000.0,380.0,16.04,2.448,192.0,table S1,BERNARDO P et al 2017,http://dx.doi.org/10.1016/j.polymer.2016.10.040
321,polymer,untreated,90.0,,4.040304,298.0,100000.0,380.0,16.04,2.448,305.6069,fig 2,BERNARDO P et al 2017,http://dx.doi.org/10.1016/j.polymer.2016.10.040
322,polymer,untreated,90.0,,37.86442,298.0,100000.0,380.0,16.04,2.448,268.4005,fig 2,BERNARDO P et al 2017,http://dx.doi.org/10.1016/j.polymer.2016.10.040
323,polymer,untreated,90.0,,191.3494,298.0,100000.0,380.0,16.04,2.448,207.0255,fig 2,BERNARDO P et al 2017,http://dx.doi.org/10.1016/j.polymer.2016.10.040
324,polymer,EtOH_25 treaded,110.0,,6.974891,298.0,100000.0,380.0,16.04,2.448,710.6112,fig 2,BERNARDO P et al 2017,http://dx.doi.org/10.1016/j.polymer.2016.10.040
325,polymer,EtOH_25 treaded,110.0,,63.0675,298.0,100000.0,380.0,16.04,2.448,403.0336,fig 2,BERNARDO P et al 2017,http://dx.doi.org/10.1016/j.polymer.2016.10.040
326,polymer,EtOH_25 treaded,110.0,,345.4513,298.0,100000.0,380.0,16.04,2.448,211.3128,fig 2,BERNARDO P et al 2017,http://dx.doi.org/10.1016/j.polymer.2016.10.040
327,polymer,EtOH_75 treaded,110.9054,,2.799213,298.0,100000.0,380.0,16.04,2.448,501.5298,fig 2,BERNARDO P et al 2017,http://dx.doi.org/10.1016/j.polymer.2016.10.040
328,polymer,EtOH_75 treaded,110.9054,,27.43403,298.0,100000.0,380.0,16.04,2.448,362.5327,fig 2,BERNARDO P et al 2017,http://dx.doi.org/10.1016/j.polymer.2016.10.040
329,polymer,EtOH_75 treaded,110.9054,,186.2796,298.0,100000.0,380.0,16.04,2.448,233.3203,fig 2,BERNARDO P et al 2017,http://dx.doi.org/10.1016/j.polymer.2016.10.040
330,polymer,EtOH_125 treaded,132.508,,4.040304,298.0,100000.0,380.0,16.04,2.448,522.5176,fig 2,BERNARDO P et al 2017,http://dx.doi.org/10.1016/j.polymer.2016.10.040
331,polymer,EtOH_125 treaded,132.508,,28.94764,298.0,100000.0,380.0,16.04,2.448,417.0403,fig 2,BERNARDO P et al 2017,http://dx.doi.org/10.1016/j.polymer.2016.10.040
332,polymer,EtOH_125 treaded,132.508,,187.9544,298.0,100000.0,380.0,16.04,2.448,310.872,fig 2,BERNARDO P et al 2017,http://dx.doi.org/10.1016/j.polymer.2016.10.040
478,polymer,6FDA-DAM,55.0,1.2,0.0,308.0,80000.0,380.0,16.04,2.448,55.4325023368438,fig S5a,BACHMAN et al 2016,https://doi.org/10.1038/nmat4621
479,polymer,6FDA-DAM,55.0,1.2,0.0,308.0,470000.0,380.0,16.04,2.448,47.9526435020941,fig S5a,BACHMAN et al 2016,https://doi.org/10.1038/nmat4621
480,polymer,6FDA-DAM,55.0,1.2,0.0,308.0,960000.0,380.0,16.04,2.448,44.8042142714469,fig S5a,BACHMAN et al 2016,https://doi.org/10.1038/nmat4621
481,polymer,6FDA-DAM,55.0,1.2,0.0,308.0,1450000.0,380.0,16.04,2.448,42.8801071186309,fig S5a,BACHMAN et al 2016,https://doi.org/10.1038/nmat4621
482,polymer,6FDA-DAM,55.0,1.2,0.0,308.0,1940000.0,380.0,16.04,2.448,40.7286808660375,fig S5a,BACHMAN et al 2016,https://doi.org/10.1038/nmat4621
483,polymer,6FDA-DAM,55.0,1.2,0.0,308.0,2430000.0,380.0,16.04,2.448,39.9082538848393,fig S5a,BACHMAN et al 2016,https://doi.org/10.1038/nmat4621
484,polymer,6FDA-DAM,55.0,1.2,0.0,308.0,2920000.0,380.0,16.04,2.448,38.6979194566349,fig S5a,BACHMAN et al 2016,https://doi.org/10.1038/nmat4621
485,polymer,6FDA-DAM,55.0,1.2,0.0,308.0,3410000.0,380.0,16.04,2.448,37.6082583421013,fig S5a,BACHMAN et al 2016,https://doi.org/10.1038/nmat4621
486,polymer,6FDA-DAM,55.0,1.2,0.0,308.0,3900000.0,380.0,16.04,2.448,36.6459933377746,fig S5a,BACHMAN et al 2016,https://doi.org/10.1038/nmat4621
487,polymer,6FDA-DAM,55.0,1.2,0.0,308.0,4380000.0,380.0,16.04,2.448,35.9577848082415,fig S5a,BACHMAN et al 2016,https://doi.org/10.1038/nmat4621
488,polymer,6FDA-DAM,55.0,1.2,0.0,308.0,4870000.0,380.0,16.04,2.448,35.3976166582016,fig S5a,BACHMAN et al 2016,https://doi.org/10.1038/nmat4621
489,polymer,6FDA-DAM,55.0,1.2,0.0,308.0,5350000.0,380.0,16.04,2.448,34.7239949377618,fig S5a,BACHMAN et al 2016,https://doi.org/10.1038/nmat4621
490,polymer,6FDA-DAM,55.0,1.2,0.0,308.0,5840000.0,380.0,16.04,2.448,34.0983568409283,fig S5a,BACHMAN et al 2016,https://doi.org/10.1038/nmat4621
491,polymer,6FDA-DAM,55.0,1.2,0.0,308.0,6340000.0,380.0,16.04,2.448,33.4834674258271,fig S5a,BACHMAN et al 2016,https://doi.org/10.1038/nmat4621
492,MMM,6wt_Ni2(dobdc),55.0,1.2,0.0,308.0,100000.0,380.0,16.04,2.448,90.5991499282908,fig S5d,BACHMAN et al 2016,https://doi.org/10.1038/nmat4621
493,MMM,6wt_Ni2(dobdc),55.0,1.2,0.0,308.0,470000.0,380.0,16.04,2.448,78.8080155080023,fig S5d,BACHMAN et al 2016,https://doi.org/10.1038/nmat4621
494,MMM,6wt_Ni2(dobdc),55.0,1.2,0.0,308.0,980000.0,380.0,16.04,2.448,71.9160670249002,fig S5d,BACHMAN et al 2016,https://doi.org/10.1038/nmat4621
495,MMM,6wt_Ni2(dobdc),55.0,1.2,0.0,308.0,1460000.0,380.0,16.04,2.448,66.5421133199118,fig S5d,BACHMAN et al 2016,https://doi.org/10.1038/nmat4621
496,MMM,6wt_Ni2(dobdc),55.0,1.2,0.0,308.0,1940000.0,380.0,16.04,2.448,63.8031119234229,fig S5d,BACHMAN et al 2016,https://doi.org/10.1038/nmat4621
497,MMM,6wt_Ni2(dobdc),55.0,1.2,0.0,308.0,2430000.0,380.0,16.04,2.448,61.1924926131218,fig S5d,BACHMAN et al 2016,https://doi.org/10.1038/nmat4621
498,MMM,6wt_Ni2(dobdc),55.0,1.2,0.0,308.0,2930000.0,380.0,16.04,2.448,60.1358322304941,fig S5d,BACHMAN et al 2016,https://doi.org/10.1038/nmat4621
499,MMM,6wt_Ni2(dobdc),55.0,1.2,0.0,308.0,3430000.0,380.0,16.04,2.448,58.7137623396898,fig S5d,BACHMAN et al 2016,https://doi.org/10.1038/nmat4621
500,MMM,6wt_Ni2(dobdc),55.0,1.2,0.0,308.0,3900000.0,380.0,16.04,2.448,57.678855574045,fig S5d,BACHMAN et al 2016,https://doi.org/10.1038/nmat4621
501,MMM,6wt_Ni2(dobdc),55.0,1.2,0.0,308.0,4400000.0,380.0,16.04,2.448,56.1390333408251,fig S5d,BACHMAN et al 2016,https://doi.org/10.1038/nmat4621
502,MMM,6wt_Ni2(dobdc),55.0,1.2,0.0,308.0,4870000.0,380.0,16.04,2.448,54.8631185195156,fig S5d,BACHMAN et al 2016,https://doi.org/10.1038/nmat4621
503,MMM,6wt_Ni2(dobdc),55.0,1.2,0.0,308.0,5350000.0,380.0,16.04,2.448,54.1755696979397,fig S5d,BACHMAN et al 2016,https://doi.org/10.1038/nmat4621
504,MMM,6wt_Ni2(dobdc),55.0,1.2,0.0,308.0,5840000.0,380.0,16.04,2.448,53.4715657693676,fig S5d,BACHMAN et al 2016,https://doi.org/10.1038/nmat4621
505,MMM,6wt_Ni2(dobdc),55.0,1.2,0.0,308.0,6340000.0,380.0,16.04,2.448,53.0756308050454,fig S5d,BACHMAN et al 2016,https://doi.org/10.1038/nmat4621
506,MMM,25wt_Ni2(dobdc),55.0,1.2,0.0,308.0,70000.0,380.0,16.04,2.448,382.162388129708,fig S5e,BACHMAN et al 2016,https://doi.org/10.1038/nmat4621
507,MMM,25wt_Ni2(dobdc),55.0,1.2,0.0,308.0,480000.0,380.0,16.04,2.448,330.66113753699,fig S5e,BACHMAN et al 2016,https://doi.org/10.1038/nmat4621
508,MMM,25wt_Ni2(dobdc),55.0,1.2,0.0,308.0,990000.0,380.0,16.04,2.448,285.452272069117,fig S5e,BACHMAN et al 2016,https://doi.org/10.1038/nmat4621
509,MMM,25wt_Ni2(dobdc),55.0,1.2,0.0,308.0,1470000.0,380.0,16.04,2.448,257.858516926765,fig S5e,BACHMAN et al 2016,https://doi.org/10.1038/nmat4621
510,MMM,25wt_Ni2(dobdc),55.0,1.2,0.0,308.0,1980000.0,380.0,16.04,2.448,229.635548512419,fig S5e,BACHMAN et al 2016,https://doi.org/10.1038/nmat4621
511,MMM,25wt_Ni2(dobdc),55.0,1.2,0.0,308.0,2460000.0,380.0,16.04,2.448,206.708594077064,fig S5e,BACHMAN et al 2016,https://doi.org/10.1038/nmat4621
512,MMM,25wt_Ni2(dobdc),55.0,1.2,0.0,308.0,2950000.0,380.0,16.04,2.448,190.220003656186,fig S5e,BACHMAN et al 2016,https://doi.org/10.1038/nmat4621
513,MMM,25wt_Ni2(dobdc),55.0,1.2,0.0,308.0,3470000.0,380.0,16.04,2.448,177.885692011042,fig S5e,BACHMAN et al 2016,https://doi.org/10.1038/nmat4621
514,MMM,25wt_Ni2(dobdc),55.0,1.2,0.0,308.0,3950000.0,380.0,16.04,2.448,169.528930082919,fig S5e,BACHMAN et al 2016,https://doi.org/10.1038/nmat4621
515,MMM,25wt_Ni2(dobdc),55.0,1.2,0.0,308.0,4440000.0,380.0,16.04,2.448,162.11009787808,fig S5e,BACHMAN et al 2016,https://doi.org/10.1038/nmat4621
516,MMM,25wt_Ni2(dobdc),55.0,1.2,0.0,308.0,4930000.0,380.0,16.04,2.448,154.664074340153,fig S5e,BACHMAN et al 2016,https://doi.org/10.1038/nmat4621
517,MMM,25wt_Ni2(dobdc),55.0,1.2,0.0,308.0,5430000.0,380.0,16.04,2.448,148.332482081529,fig S5e,BACHMAN et al 2016,https://doi.org/10.1038/nmat4621
518,MMM,25wt_Ni2(dobdc),55.0,1.2,0.0,308.0,5920000.0,380.0,16.04,2.448,143.100296613308,fig S5e,BACHMAN et al 2016,https://doi.org/10.1038/nmat4621
519,MMM,25wt_Ni2(dobdc),55.0,1.2,0.0,308.0,6120000.0,380.0,16.04,2.448,140.236218235592,fig S5e,BACHMAN et al 2016,https://doi.org/10.1038/nmat4621
536,polymer,Pebax-1657,,,0.0,298.0,400000.0,380.0,16.04,2.448,4.21323529411765,table 3,EBADI R et al 2021,https://doi.org/10.1016/j.jngse.2021.103947
537,MMM,Pebax-1657/Si-CHA 5%,54.485,0.38,0.0,298.0,400000.0,380.0,16.04,2.448,4.57372793354102,table 3,EBADI R et al 2021,https://doi.org/10.1016/j.jngse.2021.103947
538,MMM,Pebax-1657/Si-CHA 10%,35.93,0.38,0.0,298.0,400000.0,380.0,16.04,2.448,4.98754295532646,table 3,EBADI R et al 2021,https://doi.org/10.1016/j.jngse.2021.103947
539,MMM,Pebax-1657/Si-CHA 15%,45.485,0.38,0.0,298.0,400000.0,380.0,16.04,2.448,9.33759398496241,table 3,EBADI R et al 2021,https://doi.org/10.1016/j.jngse.2021.103947
544,polymer,Pebax-1657,,,0.0,298.0,200000.0,380.0,16.04,2.448,3.80246913580251,fig 13a,EBADI R et al 2021,https://doi.org/10.1016/j.jngse.2021.103947
545,MMM,Pebax-1657/Si-CHA 5%,54.485,0.38,0.0,298.0,200000.0,380.0,16.04,2.448,4.07182940516277,fig 13a,EBADI R et al 2021,https://doi.org/10.1016/j.jngse.2021.103947
546,MMM,Pebax-1657/Si-CHA 10%,35.93,0.38,0.0,298.0,200000.0,380.0,16.04,2.448,6.99887766554436,fig 13a,EBADI R et al 2021,https://doi.org/10.1016/j.jngse.2021.103947
547,MMM,Pebax-1657/Si-CHA 15%,45.485,0.38,0.0,298.0,200000.0,380.0,16.04,2.448,8.93827160493829,fig 13a,EBADI R et al 2021,https://doi.org/10.1016/j.jngse.2021.103947
552,polymer,Pebax-1657,,,0.0,298.0,600000.0,380.0,16.04,2.448,4.26936026936031,fig 13a,EBADI R et al 2021,https://doi.org/10.1016/j.jngse.2021.103947
553,MMM,Pebax-1657/Si-CHA 5%,54.485,0.38,0.0,298.0,600000.0,380.0,16.04,2.448,6.26262626262629,fig 13a,EBADI R et al 2021,https://doi.org/10.1016/j.jngse.2021.103947
554,MMM,Pebax-1657/Si-CHA 10%,35.93,0.38,0.0,298.0,600000.0,380.0,16.04,2.448,6.2446689113356,fig 13a,EBADI R et al 2021,https://doi.org/10.1016/j.jngse.2021.103947
555,MMM,Pebax-1657/Si-CHA 15%,45.485,0.38,0.0,298.0,600000.0,380.0,16.04,2.448,10.0157126823793,fig 13a,EBADI R et al 2021,https://doi.org/10.1016/j.jngse.2021.103947
578,polymer,Matrimid5218,,0.6499999999999999,0.0,298.0,1000000.0,380.0,16.04,2.448,0.199301,fig 9,TARIQ AR et al 2020,https://doi.org/10.1016/j.arabjc.2020.10.021
579,MMM,Matrimid5218/MOF,,0.6499999999999999,0.0,298.0,1000000.0,380.0,16.04,2.448,0.317073,fig 9,TARIQ AR et al 2020,https://doi.org/10.1016/j.arabjc.2020.10.021
580,MMM,Matrimid5218/MOF,,0.6499999999999999,0.0,298.0,1000000.0,380.0,16.04,2.448,0.398165,fig 9,TARIQ AR et al 2020,https://doi.org/10.1016/j.arabjc.2020.10.021
581,MMM,Matrimid5218/MOF,,0.6499999999999999,0.0,298.0,1000000.0,380.0,16.04,2.448,0.451994,fig 9,TARIQ AR et al 2020,https://doi.org/10.1016/j.arabjc.2020.10.021
586,polymer,Matrimid5218,,0.6499999999999999,0.0,308.0,1000000.0,380.0,16.04,2.448,0.227748728,fig 14 and 15,TARIQ AR et al 2020,https://doi.org/10.1016/j.arabjc.2020.10.021
587,polymer,Matrimid5218,,0.6499999999999999,0.0,318.0,1000000.0,380.0,16.04,2.448,0.306622951,fig 14 and 15,TARIQ AR et al 2020,https://doi.org/10.1016/j.arabjc.2020.10.021
588,polymer,Matrimid5218,,0.6499999999999999,0.0,328.0,1000000.0,380.0,16.04,2.448,0.374130248,fig 14 and 15,TARIQ AR et al 2020,https://doi.org/10.1016/j.arabjc.2020.10.021
589,polymer,Matrimid5218,,0.6499999999999999,0.0,338.0,1000000.0,380.0,16.04,2.448,0.453387111,fig 14 and 15,TARIQ AR et al 2020,https://doi.org/10.1016/j.arabjc.2020.10.021
594,MMM,Matrimid5218/MOF,,0.6499999999999999,0.0,308.0,1000000.0,380.0,16.04,2.448,0.344486117,fig 14 and 15,TARIQ AR et al 2020,https://doi.org/10.1016/j.arabjc.2020.10.021
595,MMM,Matrimid5218/MOF,,0.6499999999999999,0.0,318.0,1000000.0,380.0,16.04,2.448,0.416816913,fig 14 and 15,TARIQ AR et al 2020,https://doi.org/10.1016/j.arabjc.2020.10.021
596,MMM,Matrimid5218/MOF,,0.6499999999999999,0.0,328.0,1000000.0,380.0,16.04,2.448,0.519082513,fig 14 and 15,TARIQ AR et al 2020,https://doi.org/10.1016/j.arabjc.2020.10.021
597,MMM,Matrimid5218/MOF,,0.6499999999999999,0.0,338.0,1000000.0,380.0,16.04,2.448,0.596556661,fig 14 and 15,TARIQ AR et al 2020,https://doi.org/10.1016/j.arabjc.2020.10.021
608,polymer,6FDA-DAM:DABA(3:2),,,0.0,303.0,690000.0,380.0,16.04,2.448,4.2,table 4,AHMAD MZ et al 2021 / QIU W et al 2013,https://doi.org/10.1016/j.seppur.2020.117582
610,polymer,6FDA-DAM:DABA(3:2),,,0.0,303.0,100000.0,380.0,16.04,2.448,3.5,table 4,AHMAD MZ et al 2021 / PARK S et al 2014,https://doi.org/10.1016/j.seppur.2020.117582
612,MMM,6FDA-DAM:DABA(3:2)/DMS,,,0.0,303.0,100000.0,380.0,16.04,2.448,5.6,table 4,AHMAD MZ et al 2021 / PARK S et al 2014,https://doi.org/10.1016/j.seppur.2020.117582
614,MMM,6FDA-DAM:DABA(3:2)/DMS,,,0.0,303.0,100000.0,380.0,16.04,2.448,11.1,table 4,AHMAD MZ et al 2021 / PARK S et al 2014,https://doi.org/10.1016/j.seppur.2020.117582
679,polymer,Matrimid5218,,,0.0,308.0,500000.0,380.0,16.04,2.448,0.18,table 3,AKBARI A et al 2020,https://doi.org/10.1016/j.cep.2020.107804
680,MMM,Cu-BTC/Matrimid5218,,1.12,0.0,308.0,500000.0,380.0,16.04,2.448,0.18,table 3,AKBARI A et al 2020,https://doi.org/10.1016/j.cep.2020.107804
681,MMM,Cu-BTC/Matrimid5218,,1.12,0.0,308.0,500000.0,380.0,16.04,2.448,0.19,table 3,AKBARI A et al 2020,https://doi.org/10.1016/j.cep.2020.107804
682,MMM,Cu-BTC/Matrimid5218,,1.12,0.0,308.0,500000.0,380.0,16.04,2.448,0.22,table 3,AKBARI A et al 2020,https://doi.org/10.1016/j.cep.2020.107804
683,MMM,Cu-BTC/Matrimid5218,,1.12,0.0,308.0,500000.0,380.0,16.04,2.448,0.27,table 3,AKBARI A et al 2020,https://doi.org/10.1016/j.cep.2020.107804
684,MMM,Cu-BDC/Matrimid5218,,1.05,0.0,308.0,500000.0,380.0,16.04,2.448,0.18,table 3,AKBARI A et al 2020,https://doi.org/10.1016/j.cep.2020.107804
685,MMM,Cu-BDC/Matrimid5218,,1.05,0.0,308.0,500000.0,380.0,16.04,2.448,0.21,table 3,AKBARI A et al 2020,https://doi.org/10.1016/j.cep.2020.107804
686,MMM,Cu-BDC/Matrimid5218,,1.05,0.0,308.0,500000.0,380.0,16.04,2.448,0.21,table 3,AKBARI A et al 2020,https://doi.org/10.1016/j.cep.2020.107804
687,MMM,Cu-BDC/Matrimid5218,,1.05,0.0,308.0,500000.0,380.0,16.04,2.448,0.21,table 3,AKBARI A et al 2020,https://doi.org/10.1016/j.cep.2020.107804
688,MMM,Cu-BDC/Matrimid5218,,1.05,0.0,308.0,500000.0,380.0,16.04,2.448,0.25,table 3,AKBARI A et al 2020,https://doi.org/10.1016/j.cep.2020.107804
692,MMM,Cu-BDC/Matrimid5218,,1.05,0.0,318.0,500000.0,380.0,16.04,2.448,0.214904679376084,fig 6a,AKBARI A et al 2020,https://doi.org/10.1016/j.cep.2020.107804
693,MMM,Cu-BDC/Matrimid5218,,1.05,0.0,328.0,500000.0,380.0,16.04,2.448,0.233743409490335,fig 6a,AKBARI A et al 2020,https://doi.org/10.1016/j.cep.2020.107804
694,MMM,Cu-BDC/Matrimid5218,,1.05,0.0,338.0,500000.0,380.0,16.04,2.448,0.271095152603234,fig 6a,AKBARI A et al 2020,https://doi.org/10.1016/j.cep.2020.107804
698,MMM,Cu-BTC/Matrimid5218,,1.12,0.0,318.0,500000.0,380.0,16.04,2.448,0.248239436619719,fig 6b,AKBARI A et al 2020,https://doi.org/10.1016/j.cep.2020.107804
699,MMM,Cu-BTC/Matrimid5218,,1.12,0.0,328.0,500000.0,380.0,16.04,2.448,0.267148014440433,fig 6b,AKBARI A et al 2020,https://doi.org/10.1016/j.cep.2020.107804
700,MMM,Cu-BTC/Matrimid5218,,1.12,0.0,338.0,500000.0,380.0,16.04,2.448,0.288888888888889,fig 6b,AKBARI A et al 2020,https://doi.org/10.1016/j.cep.2020.107804
705,MMM,Cu-BDC/Matrimid5218,,1.05,0.0,308.0,100000.0,380.0,16.04,2.448,0.259047619047619,fig 8a,AKBARI A et al 2020,https://doi.org/10.1016/j.cep.2020.107804
706,MMM,Cu-BDC/Matrimid5218,,1.05,0.0,308.0,200000.0,380.0,16.04,2.448,0.245421245421246,fig 8a,AKBARI A et al 2020,https://doi.org/10.1016/j.cep.2020.107804
707,MMM,Cu-BDC/Matrimid5218,,1.05,0.0,308.0,300000.0,380.0,16.04,2.448,0.235714285714285,fig 8a,AKBARI A et al 2020,https://doi.org/10.1016/j.cep.2020.107804
708,MMM,Cu-BDC/Matrimid5218,,1.05,0.0,308.0,400000.0,380.0,16.04,2.448,0.209424083769634,fig 8a,AKBARI A et al 2020,https://doi.org/10.1016/j.cep.2020.107804
713,MMM,Cu-BTC/Matrimid5218,,1.12,0.0,308.0,100000.0,380.0,16.04,2.448,0.31630648330059,fig 8b,AKBARI A et al 2020,https://doi.org/10.1016/j.cep.2020.107804
714,MMM,Cu-BTC/Matrimid5218,,1.12,0.0,308.0,200000.0,380.0,16.04,2.448,0.309297912713473,fig 8b,AKBARI A et al 2020,https://doi.org/10.1016/j.cep.2020.107804
715,MMM,Cu-BTC/Matrimid5218,,1.12,0.0,308.0,300000.0,380.0,16.04,2.448,0.280510018214937,fig 8b,AKBARI A et al 2020,https://doi.org/10.1016/j.cep.2020.107804
716,MMM,Cu-BTC/Matrimid5218,,1.12,0.0,308.0,400000.0,380.0,16.04,2.448,0.250883392226149,fig 8b,AKBARI A et al 2020,https://doi.org/10.1016/j.cep.2020.107804
729,MMM,SAPO-34/PEI,1.0,,0.0,303.0,100000.0,380.0,16.04,2.448,0.02154093529712,fig 7,MESSAOUD AB et al 2015,http://dx.doi.org/10.1016/j.seppur.2015.04.017
757,MMM,HOF-30/matrimid5218,15.0,0.394,0.0,298.0,100000.0,380.0,16.04,2.448,4.6,table S3,LI W et al 2022,https://doi.org/10.1016/j.memsci.2021.120021
796,zeolite,SSZ-13 ,3.0,0.372,0.0,303.0,100000.0,380.0,16.04,2.448,107.372100314754,fig 4,AYDANI A et al 2021,https://doi.org/10.1016/j.seppur.2020.117796
797,zeolite,SSZ-13 ,3.0,0.372,0.0,323.0,100000.0,380.0,16.04,2.448,120.002756843211,fig 4,AYDANI A et al 2021,https://doi.org/10.1016/j.seppur.2020.117796
798,zeolite,SSZ-13 ,3.0,0.372,0.0,353.0,100000.0,380.0,16.04,2.448,134.119336049193,fig 4,AYDANI A et al 2021,https://doi.org/10.1016/j.seppur.2020.117796
808,zeolite,SSZ-13 ,3.0,0.372,0.0,303.0,500000.0,380.0,16.04,2.448,136.554994162356,fig 4,AYDANI A et al 2021,https://doi.org/10.1016/j.seppur.2020.117796
809,zeolite,SSZ-13 ,3.0,0.372,0.0,323.0,500000.0,380.0,16.04,2.448,147.61061747685,fig 4,AYDANI A et al 2021,https://doi.org/10.1016/j.seppur.2020.117796
810,zeolite,SSZ-13 ,3.0,0.372,0.0,353.0,500000.0,380.0,16.04,2.448,157.796651049444,fig 4,AYDANI A et al 2021,https://doi.org/10.1016/j.seppur.2020.117796
817,zeolite,SSZ-13 ,3.0,0.372,0.0,303.0,300000.0,380.0,16.04,2.448,136.564676192472,fig 8,AYDANI A et al 2021,https://doi.org/10.1016/j.seppur.2020.117796
829,zeolite,SSZ-13 ,3.0,0.372,0.0,303.0,200000.0,380.0,16.04,2.448,106.938291576501,fig 5,AYDANI A et al 2021,https://doi.org/10.1016/j.seppur.2020.117796
830,zeolite,SSZ-13 ,3.0,0.372,0.0,303.0,400000.0,380.0,16.04,2.448,138.285567397164,fig 5,AYDANI A et al 2021,https://doi.org/10.1016/j.seppur.2020.117796
831,zeolite,SSZ-13 ,3.0,0.372,0.0,303.0,600000.0,380.0,16.04,2.448,137.273615953188,fig 5,AYDANI A et al 2021,https://doi.org/10.1016/j.seppur.2020.117796
841,zeolite,M1,0.9,,0.0,298.0,100000.0,380.0,16.04,2.448,28.0118384673509,fig 2,WU X et al 2022,https://doi.org/10.1016/j.memsci.2022.120291
106,zeolite,O3at473K,1.2,0.38,0.0,298.0,200000.0,444.3,30.07,4.226,61.6546252952298,fig 7,LI Y et al 2021,https://doi.org/10.1016/j.memsci.2021.119349
107,zeolite,O3at473K,1.2,0.38,0.0,298.0,200000.0,550.0,146.06,4.49,23.6741718693191,fig 7,LI Y et al 2021,https://doi.org/10.1016/j.memsci.2021.119349
909,zeolite,unmodified MFI-type,7.0,0.58,0.0,473.0,200000.0,550.0,146.06,4.49,171.440317749385,fig 4,KANEZASHI M and LI YS 2009,https://doi.org/10.1021/jp804586q
910,zeolite,unmodified MFI-type,7.0,0.58,0.0,373.0,200000.0,550.0,146.06,4.49,156.130547722463,fig 4,KANEZASHI M and LI YS 2009,https://doi.org/10.1021/jp804586q
911,zeolite,unmodified MFI-type,7.0,0.58,0.0,298.0,200000.0,550.0,146.06,4.49,109.534190324807,fig 4,KANEZASHI M and LI YS 2009,https://doi.org/10.1021/jp804586q
948,zeolite,counter-diffusion modified,7.0,0.58,0.0,473.0,200000.0,550.0,146.06,4.49,13.009276384431,fig 7,KANEZASHI M and LI YS 2009,https://doi.org/10.1021/jp804586q
949,zeolite,counter-diffusion modified,7.0,0.58,0.0,373.0,200000.0,550.0,146.06,4.49,7.13110013250878,fig 7,KANEZASHI M and LI YS 2009,https://doi.org/10.1021/jp804586q
950,zeolite,counter-diffusion modified,7.0,0.58,0.0,323.0,200000.0,550.0,146.06,4.49,2.96452754746282,fig 7,KANEZASHI M and LI YS 2009,https://doi.org/10.1021/jp804586q
